id,fichier,carte_modifiee,question_finale,cle,leurre_1,attrait_et_refutation_1,leurre_2,attrait_et_refutation_2,critique_et_correction,relecture,sha256_fr
n2-add-apnee-001,cards/n2/11-add.yaml,oui,"Après une plongée bouteille, pourquoi une séance d’apnée profonde peut-elle ajouter un risque de désaturation ?",La charge résiduelle se combine à de nouvelles variations de pression,La redescente comprime les bulles et élimine la charge résiduelle,Confusion compression/élimination : comprimer d’éventuelles bulles n’élimine pas le gaz inerte.,L’arrêt de la respiration empêche les échanges du gaz résiduel dans les tissus,Confusion ventilation/échanges tissulaires : l’apnée n’arrête pas toute circulation ni tout échange entre sang et tissus.,Trois interprétations de la charge résiduelle plutôt qu’une absence de détendeur prétendue protectrice.,accepted-after-reread,accbd6342006a6023a43b87149350118a31848c1419fbac83531ba94babc4890
n2-add-apres-sortie-001,cards/n2/11-add.yaml,oui,"À la sortie d’une plongée, certains tissus contiennent plus d’azote qu’à l’équilibre de surface. Comment évolue cet azote supplémentaire après le retour à 1 bar ?",Il est éliminé progressivement par les échanges avec le sang et les poumons,Il est éliminé dès que la pression respirée retrouve celle de la surface,Confusion instantané/progressif : remplacer immédiatement la charge par l’équilibre de surface.,Il reste stocké jusqu’à ce qu’une autre immersion relance les échanges,Confusion gaz respiré/gaz résiduel : conserver le gaz supplémentaire jusqu’à une prochaine immersion.,Le recto imposait que la sortie ne termine pas les échanges ; faire comparer équilibre et charge réelle.,accepted-after-reread,0b2a44fa33033fd85d5db2a90c14b025794f3555d79360e816307e06382cce12
n2-add-articulation-001,cards/n2/11-add.yaml,oui,Une douleur profonde inhabituelle à l’épaule apparaît après plongée et portage du bloc. Comment articuler cette explication par l’effort et la demande d’évaluation ?,Signaler la douleur et la plongée récente sans attendre de confirmer une cause musculaire,Faire reposer l’épaule puis demander une évaluation si la douleur persiste,Confusion amélioration/diagnostic : disparition ou persistance après repos ne décide pas à elle seule de la cause.,Tester les mouvements de l’épaule puis demander une évaluation si la douleur ne change pas,Confusion réponse au mouvement/diagnostic : tester la douleur ne permet pas d’écarter un ADD avant l’alerte.,La clé seule demandait de l’aide ; comparer moment de l’alerte dans une interprétation musculo-articulaire.,accepted-after-reread,e5199eb4634cdc8cc0e5403b204321790de24cfd90bb441220fcf337b22bedf6
n2-add-avion-001,cards/n2/11-add.yaml,non,Un plongeur sans symptôme a fait plusieurs plongées sans palier dans la journée. Quel intervalle minimal de surface recommande DAN avant un vol dont la pression en cabine correspond à une altitude de 610 à 2 438 m ?,Au moins 18 h,Au moins 12 h,Confusion avec le minimum DAN après une seule plongée sans palier : 12 h au lieu de 18 h pour plusieurs plongées.,Au moins 24 h,Confusion délai conservateur/minimum recommandé : 24 h est plus long mais ne répond pas au minimum demandé.,"Rappel chiffré contextualisé conservé : les délais de 12, 18 et 24 h sont des repères concurrents.",accepted-after-reread,17c43cbd8319a3ecbae50a61e4a5bdf62102c6dbd384679618265a157c315de0
n2-add-bouteille-001,cards/n2/11-add.yaml,oui,Pourquoi des bulles apparaissent-elles à l’ouverture d’une bouteille d’eau gazeuse ?,Du CO₂ auparavant dissous quitte le liquide devenu sursaturé,De la vapeur d’eau se forme dans le liquide sous l’effet de l’ouverture,Confusion dégazage/ébullition : attribuer les bulles à la vapeur du liquide ; elles contiennent du CO₂ précédemment dissous.,De l’air extérieur pénètre dans le liquide et forme les bulles,Confusion origine externe/interne : attribuer les bulles à l’air entrant ; la réserve gazeuse vient de la solution.,Comparer l’origine du gaz des bulles plutôt que trois affirmations sur la baisse de pression.,accepted-after-reread,48e886dd614e364eee2828bee470ea05a5aa7c3ca7415738ed1db01afce6c5d2
n2-add-bulles-001,cards/n2/11-add.yaml,oui,Quel mécanisme relie une baisse trop rapide de pression à un accident de désaturation ?,Une sursaturation excessive en gaz inerte favorise des bulles et des lésions,L’expansion de gaz bloqué dans les poumons provoque une rupture alvéolaire,Confusion ADD/surpression pulmonaire : rupture alvéolaire par expansion du gaz piégé appartient au barotraumatisme.,La production de CO₂ dépasse son élimination par la ventilation,"Confusion azote/CO₂ : la production insuffisamment éliminée de CO₂ explique l’hypercapnie, pas ce mécanisme de désaturation.","Comparer ADD, barotraumatisme et hypercapnie ; éviter des bulles présentées comme bénéfiques.",accepted-after-reread,2ac0efff3542c5260065a37a3da854b958e70777cd8b03a4df96a8b559d0e905
n2-add-duree-001,cards/n2/11-add.yaml,oui,"À profondeur constante et mélange inchangé, pourquoi prolonger le séjour peut-il augmenter les obligations de désaturation ?",La charge d’azote de tissus encore hors équilibre continue à augmenter,Le stock d’air respiré cumulé fixe la charge d’azote à éliminer,Confusion consommation totale/charge tissulaire : la dose en litres n’est pas la variable du calcul de désaturation.,La pression partielle d’azote respiré augmente avec le temps passé,"Confusion durée/pression : à profondeur et mélange constants, la pression partielle ne monte pas avec le temps.","Comparer les échanges qui persistent et la variable suivie, plutôt que deux négations grossières du temps. Seconde critique : Écarter le gaz expiré accumulé, trop facile ; comparer ce que le modèle relie au temps.",accepted-after-reread,caa62cd56f3f87188b447d023481bbf46f7fd81639d964ec210b134dd479c400
n2-add-eau-001,cards/n2/11-add.yaml,oui,"Oxygène et alerte sont déjà engagés pour des victimes de plongée. Dans quel cas peut-on proposer de l’eau par petites prises, sans suspicion de lésion digestive ?","Victime pleinement consciente, coopérative, avalant normalement, sans dyspnée ni nausées","Victime pleinement consciente, coopérative, avalant normalement, avec une dyspnée persistante",Confusion coopération/déglutition sûre : boire avec gêne respiratoire expose à l’inhalation.,"Victime pleinement consciente, coopérative, avalant normalement, avec des nausées persistantes",Confusion hydratation/contre-indication digestive : nausées et vomissements excluent la prise orale.,Remplacer la longue liste à réciter par trois cas comparables.,accepted-after-reread,f1a3a4f275be92e0efec8542b1fd612f8b4fdf0f0cacb8219268cafeaa722cb4
n2-add-effort-surface-001,cards/n2/11-add.yaml,oui,Pourquoi un effort intense juste après une plongée ne doit-il pas être utilisé pour accélérer la désaturation ?,Il peut accroître le risque lié aux bulles pendant l’élimination du gaz inerte,Il augmente la charge d’azote par la hausse du volume d’air respiré en surface,Confusion consommation/pression partielle : respirer davantage à la surface ne reproduit pas la charge due à une exposition profonde.,Il bloque la diffusion d’azote entre les tissus et le sang pendant l’effort,Confusion modification des échanges/arrêt des échanges : effort et perfusion n’interrompent pas toute diffusion du gaz.,"Comparer raisons physiologiques plutôt que nier explicitement le risque. Seconde critique : Les muscles produisant de l’azote étaient manifestement faux ; comparer charge, élimination et risque bullaire.",accepted-after-reread,86341af5e2bca2fbde1b5656b41d886e183309c8943285834f84a301856d2140
n2-add-equipiers-001,cards/n2/11-add.yaml,oui,Un ADD est suspecté chez un plongeur ; secours et oxygène sont engagés. Ses équipiers ont suivi un profil proche et ne présentent pas de signe. Quel suivi des équipiers reste adapté ?,Rechercher chez chacun l’apparition de signes inhabituels et les transmettre aux secours,Leur attribuer la même atteinte et la même gravité sur la base du profil commun,Confusion profil proche/charge uniforme : les réactions individuelles et historiques peuvent différer.,"Concentrer la recherche de signes sur le plongeur atteint, le profil commun étant déjà connu",Confusion profil proche/absence de risque : l’atteinte d’un seul équipier ne dispense pas de surveiller les autres.,"Comparer suivi individuel, collectif et diagnostic identique, avec prise en charge déjà lancée.",accepted-after-reread,1ef642ad7b059aec5c17e1928438f29dc148a048ed1739fe63f2d4efe627504e
n2-add-evacuation-001,cards/n2/11-add.yaml,oui,"Après l’alerte pour un accident de plongée, qui détermine la destination médicale de l’évacuation, en tenant compte de la disponibilité d’une prise en charge adaptée ?","La régulation médicale, en coordination avec les secours","Le DP, en choisissant le caisson le plus proche du site",Confusion proximité/adaptation : le centre le plus proche peut ne pas être disponible ou adapté.,"Le pilote du bateau, en choisissant le port le plus proche du site",Confusion secours opérationnels/régulation médicale : les moyens nautiques seuls ne déterminent pas la filière de soins.,Retirer les conduites explicitement sans secours ; comparer qui détermine la destination.,accepted-after-reread,5cf407bc15cceccf9189231f7cfc8615c1140e997bdaec7f565cbda4372f6800
n2-add-fatigue-001,cards/n2/11-add.yaml,oui,"Après une plongée, un équipier paraît épuisé et son comportement a changé. Quel critère justifie de signaler ces observations comme une possible alerte de plongée ?",Leur caractère inhabituel par rapport à son état normal,Leur association à une douleur ou à une paralysie déjà identifiée,Confusion malaise/nécessité d’un déficit visible : des signes plus discrets peuvent accompagner un accident.,Leur survenue chez un plongeur encore peu expérimenté,Confusion état actuel/état habituel : un brevet ou une expérience ne réfute pas une évolution anormale.,Éviter deux mauvaises réponses annonçant explicitement qu’on attend ; comparer critères de signalement.,accepted-after-reread,9bb664752ed600fafd7b14bea3c87e0ed49a7254ecb3ac30a2a432b35cb709e2
n2-add-froid-effort-001,cards/n2/11-add.yaml,oui,Pourquoi l’effet de l’effort et du froid sur la désaturation dépend-il aussi du moment où ils surviennent ?,Une perfusion accrue au fond peut augmenter la charge ; un refroidissement à la remontée peut ralentir son élimination,Une perfusion accrue au fond augmente la charge ; l’élimination est ensuite accélérée dans la même proportion,"Confusion effort constant/effets symétriques : meilleure perfusion au fond peut augmenter la charge, elle n’est pas forcément compensée à la remontée.",Une perfusion accrue au fond augmente la charge ; un refroidissement à la remontée accélère son élimination,Confusion refroidissement/protection : un refroidissement pendant la remontée peut ralentir l’élimination plutôt que l’améliorer.,"Comparer effets selon la phase, sans nier tout effet physiologique.",accepted-after-reread,13bf0958fc80c7b60b18f092d07daef6bbf2d9e0d7ee8fbfe7083fd148b66545
n2-add-henry-001,cards/n2/11-add.yaml,oui,"Pour le même gaz et le même liquide, à température constante, la pression partielle du gaz est doublée. Que devient sa quantité dissoute une fois le nouvel équilibre atteint ?",Elle est multipliée par 2,Elle reste identique,Confusion composition/pression : croire que la fraction inchangée suffit à maintenir la quantité dissoute ; Henry dépend de la pression partielle.,Elle est divisée par 2,Confusion Boyle/Henry : diviser la quantité dissoute par deux comme le volume d’un gaz ; Henry donne une augmentation.,Remplace un choix contredisant la notion d’équilibre par trois réponses quantitatives.,accepted-after-reread,47734c38d7ab27eabbefb602edeaca756f68c45a2bb9a3686a45a8286343520e
n2-add-modele-001,cards/n2/11-add.yaml,oui,Un Suunto Zoop Novo a suivi une plongée sans erreur et calcule sa désaturation. Quel lien entre son calcul et le plongeur explique qu’un ADD reste possible malgré le respect des indications ?,Il applique des paramètres physiologiques du modèle au profil du plongeur,Il ajuste ses paramètres tissulaires à partir de la réponse physiologique mesurée,Confusion simulation/mesure : la charge tissulaire est calculée et non suivie directement dans le corps.,Il adapte sa charge calculée à partir de la fatigue et de l’hydratation évaluées,Confusion réglage personnel/évaluation automatique : fatigue et hydratation ne sont pas mesurées par le calcul.,"Opposer hypothèses du modèle au résultat individuel au lieu d’inventer un capteur de bulles. Seconde critique : Retirer certifie et l’absence de successives, trop visibles ; comparer trois types d’entrée du calcul. Dernière critique : préciser Zoop Novo pour ne pas généraliser l’absence de capteurs physiologiques à tout modèle.",accepted-after-reread,d1d6dc1d5464bf603144a9b7d1855761ccda562630a8384e89bbe35cec12b5e2
n2-add-oreille-interne-001,cards/n2/11-add.yaml,oui,Un vertige persiste après la sortie de l’eau et s’accompagne d’une baisse d’audition. Quelle localisation peut associer ces deux fonctions et être atteinte par un ADD comme par un barotraumatisme ?,L’oreille interne,Le conduit auditif externe,Confusion conduit externe/oreille interne : l’oreille externe ne regroupe pas audition et équilibre.,L’oreille moyenne,Confusion oreille moyenne/interne : la localisation moyenne ne suffit pas à expliquer et écarter le vertige persistant.,Comparer localisations proches ; retirer l’absence de diagnostic comme indice de prudence.,accepted-after-reread,7c422e5d9855ddb8ccc289d59e8464ae96c24644a8277fffa0b4130d3c06bff6
n2-add-oxygene-001,cards/n2/11-add.yaml,oui,"En cas de suspicion d’accident de désaturation, pourquoi administrer de l’oxygène en surface ?",Améliorer l’oxygénation et favoriser l’élimination du gaz inerte,Améliorer l’oxygénation et recomprimer les bulles par la pression du masque,Confusion normobare/hyperbare : le masque à pression ambiante ne recomprime pas les bulles.,Améliorer l’oxygénation et stimuler la ventilation pour évacuer le gaz inerte,Confusion oxygène/commande ventilatoire : la meilleure élimination ne repose pas sur une stimulation respiratoire pour chasser le gaz.,"Comparer trois effets supposés de l’oxygène sur le gaz inerte. Seconde critique : Retirer la transformation azote-CO₂, erreur chimique trop grossière.",accepted-after-reread,c42362703a5a84ec357fb947815e801464678dedc36326cabf0c20d9a9965c00
n2-add-peau-001,cards/n2/11-add.yaml,oui,Des marbrures en réseau et des démangeaisons inhabituelles apparaissent sur le tronc après une plongée. Quelle forme d’accident de plongée peut présenter ce tableau ?,Un accident de désaturation cutané,Un barotraumatisme pulmonaire avec emphysème sous-cutané,Confusion peau/air sous-cutané : emphysème et marbrures ne sont pas le même type de signe.,Un œdème pulmonaire d’immersion avec mauvaise oxygénation,Confusion aspect cutané/OPI : le tableau respiratoire de l’OPI ne correspond pas aux marbrures prurigineuses décrites.,Remplacer une clé seule prudente par trois interprétations du mécanisme cutané. Seconde critique : Remplacer la cavité cutanée imaginaire par des atteintes de plongée réellement voisines.,accepted-after-reread,99503eba086effebe8c5bf2eeebec3a4872a358fe9e4d7ca2325e14785383ae2
n2-add-position-001,cards/n2/11-add.yaml,oui,"Une victime de plongée consciente présente une gêne respiratoire, sans traumatisme identifié. En attendant les secours, quelle installation accompagne l’oxygène et la surveillance ?","Une position choisie pour son confort respiratoire, souvent demi-assise",Une position allongée avec jambes surélevées pour favoriser le retour du sang,Confusion malaise circulatoire/gêne respiratoire : la surélévation systématique des jambes n’est pas la conduite adaptée.,Une position latérale de sécurité pour protéger les voies aériennes,Confusion victime consciente/perte de connaissance : le bilan ne conduit pas ici à la branche PLS.,"Trois positions de secourisme proches, toutes avec oxygène et surveillance. Seconde critique : La donnée allongée aggrave écartait un choix ; retirer et ne pas ajouter une fausse élimination de l’azote.",accepted-after-reread,ac9986b21c66ff967795b8d9a538c9b1637864371d303726471f266d6d4799fd
n2-add-poumons-001,cards/n2/11-add.yaml,oui,Quel trajet décrit l’élimination du gaz inerte dissous dans les tissus lors d’une désaturation normale ?,Tissus → transport dissous dans le sang → alvéoles → expiration,Tissus → formation de bulles veineuses → filtre pulmonaire → expiration,Confusion filtre pulmonaire/élimination normale : la formation de bulles n’est pas une étape nécessaire avant les échanges alvéolaires.,Tissus → transport dissous dans le sang → reins → urine,Confusion azote inerte/déchets azotés : l’excrétion rénale du métabolisme ne décrit pas ce gaz respiré.,"Retirer bulles obligatoires, qui qualifiait la mauvaise réponse ; préciser le processus normal dissous. Seconde critique : Retirer la voie cutanée inventée ; comparer transport dissous, phase bullaire et excrétion azotée.",accepted-after-reread,41c16ca8164c550e3285cac4f85a681197cb3d14ce8aa3cf10f7546e900c9210
n2-add-profondeur-001,cards/n2/11-add.yaml,oui,"À durée et mélange respiré comparables, pourquoi une plongée plus profonde tend-elle à augmenter la charge en azote ?","La pression partielle d’azote augmente, favorisant son entrée dans les tissus","La fraction d’azote dans l’air augmente, favorisant son entrée dans les tissus",Confusion fraction/pression partielle : la composition de l’air ne change pas avec la profondeur ; sa pression partielle augmente.,"Le gaz déjà présent est comprimé, ce qui augmente la quantité d’azote sans échange",Confusion Boyle/Henry : comprimer du gaz déjà présent ne décrit pas l’entrée supplémentaire d’azote dissous.,Remplace un déni de l’effet de profondeur par une confusion entre compression et dissolution.,accepted-after-reread,a3bf26276593345b1dfddd1a40f1c2a5afead098e36cb6cbd1e6039ddf3b4094
n2-add-remontee-001,cards/n2/11-add.yaml,oui,Un profil calculé prévoit une limite de vitesse et des paliers obligatoires. Quelle conduite conserve les conditions de ce calcul pendant une remontée normale ?,Respecter la limite de vitesse et les obligations de paliers,Rallonger le dernier palier pour compenser une vitesse supérieure à la limite,Confusion compensation palier/vitesse : rallonger soi-même le dernier palier n’est pas la procédure du modèle.,Ralentir davantage entre les niveaux pour raccourcir les paliers indiqués,Confusion compensation vitesse/palier : ralentir le trajet ne remplace pas les arrêts prescrits.,Retirer le pourquoi prescrivant de respecter deux obligations ; comparer corrections intuitives.,accepted-after-reread,34fdb6a61a8a4f31bcec232534f3f9762972d919a86ac38a18e639d74da53632
n2-add-retard-001,cards/n2/11-add.yaml,oui,"Un plongeur va bien à sa sortie de l’eau, puis présente des signes inhabituels deux heures plus tard. Que permet de conclure ce délai sur une éventuelle origine liée à la désaturation ?",Il reste compatible avec un accident de désaturation,"Il indique une cause extérieure à la plongée, après la fin de la désaturation",Confusion latence/fin des échanges : un début en surface ne suffit pas à exclure une origine de désaturation.,Il oriente vers un barotraumatisme plutôt que vers un accident de désaturation,Confusion timing ADD/barotraumatisme : le délai après sortie n’oriente pas à lui seul vers une surpression pulmonaire.,Retirer le pourquoi qui donnait le délai ; tester la même interprétation de signes tardifs.,accepted-after-reread,dbcfbf707f895e443d143f4d43890caa88f88e6096d3f841a62b1ec74c524bc1
n2-add-tissus-001,cards/n2/11-add.yaml,oui,Quel ensemble de propriétés intervient directement dans les échanges d’azote et contribue aux différences de vitesse de charge entre tissus ?,Leur irrigation sanguine et leurs propriétés de diffusion et de solubilité,Leur taille anatomique et leur distance par rapport aux poumons,Confusion trajet anatomique/échanges : taille et distance aux poumons ne définissent pas à elles seules la vitesse de charge.,Leur consommation d’oxygène et leur production locale de CO₂,Confusion métabolisme/charge de gaz inerte : azote et oxygène ne sont pas utilisés de la même façon.,"Opposer propriétés physiologiques, gaz inspiré et assimilation à l’anatomie. Seconde critique : Retirer l’air respiré attribué directement à chaque organe et le seul comme indice. Seconde critique : Préciser directement pour ne pas exclure à tort des influences indirectes du métabolisme.",accepted-after-reread,45d926353fdd9a77d2802b5179e25072d73047c0e282ca591b1749d885b52c72
n2-add-transmission-001,cards/n2/11-add.yaml,oui,"Après sa sortie, un plongeur devient anormalement silencieux et répond lentement aux échanges. Plus tard, il signale une douleur. Quel événement faut-il dater comme début des signes transmis aux secours ?",Le changement de comportement observé par l’équipier,Le premier signalement de douleur par le plongeur,Confusion plainte/début des signes : une anomalie observée peut précéder le symptôme déclaré.,La confirmation d’un accident par l’évaluation médicale,Confusion diagnostic/apparition : la confirmation médicale intervient après les premiers signes.,"La demande de chronologie éliminait des listes sans chronologie ; comparer débuts de chronologie médicale. Seconde critique : Le choix 11 h 20 recopiant une observation datée était devinable ; comparer les jalons à relever. Seconde critique : Supprimer les dates administratives hors chronologie et opposer premier signe observé, plainte et diagnostic.",accepted-after-reread,4b95e8348abe42a55b79d8a8a9cbb6c5b8c712ae42bc5e8f7c88da771de2d1be
n2-add-yoyo-001,cards/n2/11-add.yaml,oui,"Deux plongées ont la même durée et la même profondeur maximale, mais l’une comporte plusieurs remontées et redescendes. Quelle donnée supplémentaire décrit les échanges de gaz liés à ces oscillations ?",L’ordre des profondeurs successives et le temps passé à chacune,"La profondeur maximale, appliquée à chaque phase du trajet",Confusion profondeur max/profil : le maximum ne renseigne pas l’ordre des variations.,"Le nombre de cycles, appliqué indépendamment de leur profondeur",Confusion nombre cycles/dose : le nombre seul ne décrit ni durée ni profondeur de chaque phase.,"Tester l’information absente d’un profil carré, plutôt qu’énoncer que redescendre réinitialise les tissus.",accepted-after-reread,b061a5988f4a3f0872e24d31237d7c56d7d572e2b82007cf86a069b08f946c1d
n2-ordinateurs-affichages-001,cards/n2/13-ordinateurs.yaml,non,Un ordinateur affiche « DIVE TIME 24 min » et « NDL 6 min ». Que représentent ces deux valeurs à la profondeur actuelle ?,24 min écoulées ; 6 min estimées avant palier à cette profondeur,24 min écoulées ; 6 min de remontée jusqu’à la surface,Confusion NDL/DTR : les 6 min ne sont pas le retour.,24 min d’autonomie gaz ; 6 min estimées avant palier,Confusion temps écoulé/autonomie gaz : les 24 min ne sont pas un stock respiratoire.,"Trois interprétations des mêmes nombres, pas de noms déjà traduits.",accepted-after-reread,d0fa1a19e8e977937e6e01fa11743d967d44f1d2eb3e4eb1402cdb8c8c615824
n2-ordinateurs-alarme-vitesse-001,cards/n2/13-ordinateurs.yaml,oui,"Sur un Suunto Zoop Novo, une alarme sonore s’accompagne du message SLOW. Que signale-t-elle et quelle action attend-elle ?",Remontée au-delà de 10 m/min : ralentir,Remontée au-delà de 15 m/min : ralentir,"Confusion limite MN90/limite Zoop Novo : ce modèle utilise 10 m/min, pas 15.",Remontée au-delà de 6 m/min : ralentir,Confusion trajet interpaliers/limite de l’ordinateur : 6 m/min est une convention de tables.,SLOW écartait le palier par vocabulaire ; trois seuils concurrents avec la même action.,accepted-after-reread,6fd5c28110d6e4a85977e565ac56824126b6fa7c62f09d378564209b9d4e02c8
n2-ordinateurs-collectif-001,cards/n2/13-ordinateurs.yaml,oui,"Votre ordinateur n’indique plus de palier, celui de votre équipier en impose encore. Le gaz permet de respecter les deux. Quelle conduite règle la fin de plongée de la palanquée ?",Rester ensemble et suivre les obligations actualisées des deux appareils,Rester ensemble et appliquer jusqu’au bout les durées relevées au départ du fond,Confusion plan fixe/affichage évolutif : les obligations peuvent changer pendant la remontée.,Terminer chacun les obligations de son appareil et se retrouver en surface,Confusion somme des paliers/compatibilité : faire ses propres paliers puis attendre en surface rompt la cohésion et ne gère pas les plafonds ensemble.,"Trois plans de retour collectif plausibles, plutôt que négliger ouvertement les obligations d’un équipier.",accepted-after-reread,f88de97288c62c452700d363cf4ca56f14a3cd74559007f7afef2fc4367709ce
n2-ordinateurs-controle-001,cards/n2/13-ordinateurs.yaml,oui,"Un ordinateur s’allume, dispose d’énergie et mesure la profondeur. Quel ensemble de données faut-il encore vérifier pour que ses calculs correspondent à la plongée prévue et au plongeur ?","Mode actif, mélange sélectionné, réglages et suivi des immersions personnelles","Mode actif, pression du bloc, réglages et nombre de plongées mémorisées",Confusion journal/charge résiduelle : le nombre d’immersions ne garantit pas leur suivi pour ce plongeur ; la pression du bloc ne remplace pas le gaz réglé.,"Mélange sélectionné, pression du bloc, heure locale et modèle du détendeur","Confusion matériel respiratoire/modèle de décompression : heure, pression du bloc et détendeur ne remplacent pas mode et historique.",Les anciennes listes opposées omettaient tout gaz/réglage ; trois contrôles comparables avec un point trompeur. Seconde critique : Vérifier le mode actuel est logique générale ; faire comparer les données actives et historiques nécessaires à la charge.,accepted-after-reread,6c535f9a2cded50118b5ca7d2d121aa58f359d6c19acda3a8fbe0a573b509584
n2-ordinateurs-differences-001,cards/n2/13-ordinateurs.yaml,oui,Deux équipiers sont restés côte à côte pendant l’exploration mais ont des paliers différents. Quel ensemble de données permet de rechercher une explication dans leurs calculs ?,"Modèles, réglages, gaz sélectionnés et historiques personnels","Modèles, réglages, volumes des blocs et pressions de départ",Confusion même appareil/même modèle physiologique : la capacité du bloc ne détermine pas la charge de désaturation.,"Profondeurs maximales, durées de l’exploration et pressions restantes",Confusion profil actuel/historique : mêmes profondeur et durée actuelles ne suffisent pas ; la pression du bloc ne renseigne pas le modèle.,Des leurres niaient les différences constatées ; demander ce qu’il faut comparer.,accepted-after-reread,f0c2849820d55aa9a762c2bf8552358acfb2314a71257ce9a050725ae6e55df4
n2-ordinateurs-dtr-augmente-001,cards/n2/13-ordinateurs.yaml,oui,"À profondeur constante, la DTR augmente de 3 min pendant l’exploration. Comment prendre en compte cette évolution dans le budget de gaz du retour ?",Recalculer les phases de retour et d’arrêt aux profondeurs où le gaz sera respiré,Ajouter 3 min de consommation à la profondeur actuelle à tout le budget de retour,Confusion durée affichée/profondeur de dépense : appliquer tout le supplément à la profondeur du fond ignore la répartition des arrêts et trajets.,Ajouter 3 min de consommation de surface à tout le budget de retour,"Confusion débit de référence/gaz consommé : les phases subaquatiques se calculent à leur pression ambiante, pas à 1 bar.",La clé était seule prudente ; comparer effets de la DTR sur le budget. Seconde critique : Le recto prescrivait implicitement une hausse ; comparer trois façons de recalculer le même budget.,accepted-after-reread,8bd586cc126feeda7832c17b2165844178918ba909219487f802566ffd01c5d1
n2-ordinateurs-gaz-001,cards/n2/13-ordinateurs.yaml,non,"Pourquoi vérifier le gaz sélectionné sur l’ordinateur avant de plonger, même si la profondeur affichée paraît correcte ?",Le gaz réglé influe sur désaturation et exposition à l’oxygène,Le gaz réglé influe uniquement sur l’exposition à l’oxygène,Oublier que le gaz sélectionné modifie aussi le calcul de désaturation.,Le gaz réglé influe uniquement sur les calculs de désaturation,Oublier que le gaz sélectionné modifie aussi l’exposition à l’oxygène.,Trois champs de calcul proches ; uniquement porte ici une erreur concrète.,accepted-after-reread,3f4d9bfc681b8cb3cf88f7c916c9bed0e539c836880f22ed65fc0ce403a74ee6
n2-ordinateurs-gf-air-ffessm-001,cards/n2/13-ordinateurs.yaml,non,"Pour une planification N2 ou N3 FFESSM à l’air avec un ordinateur réglable par gradient factors, quelle relation et quelle plage de valeurs sont indiquées pour GF bas et GF haut ?","GF bas = GF haut, entre 85 et 90 %","GF bas = 30 %, GF haut entre 85 et 90 %",Confusion GF bas 30 de certains usages techniques/repère fédéral air.,"GF bas entre 85 et 90 %, GF haut = 100 %",Confusion GF haut original 100/repère fédéral 85–90.,Trois paires proches ; valeurs de recommandations et fabricant non confondues.,accepted-after-reread,ad50c61e61dd92814af9729b29ab0cce50021acbb14ed40acf08ffdc0fa1e4af
n2-ordinateurs-gf-principe-001,cards/n2/13-ordinateurs.yaml,non,"Dans un modèle Bühlmann à gradient factors, que représente le pourcentage d’un GF par rapport à la pression ambiante et à la limite du modèle ?",Une fraction du gradient de sursaturation autorisé,La probabilité personnelle d’un accident en pourcentage,Confusion réglage statistique/probabilité personnelle d’ADD.,Une fraction de la M-value mesurée depuis zéro pression,Confusion pourcentage de gradient/pourcentage de pression totale depuis zéro.,Trois significations d’un pourcentage proches du modèle.,accepted-after-reread,549014fe004118b1e46f2e219d0656b1a7e99d742f2773e0544f2831fbeb8b90
n2-ordinateurs-historique-001,cards/n2/13-ordinateurs.yaml,oui,"A a plongé séparément de B le matin. Avant l’immersion de l’après-midi, A met au poignet l’ordinateur de B, encore en suivi de désaturation. Quel historique cet appareil utilise-t-il pour le calcul ?",Les immersions que l’appareil a suivies avec B,"Les immersions effectuées par A, qui porte maintenant l’appareil",Confusion porteur actuel/historique enregistré : changer de poignet ne transfère pas les immersions de A.,Un état de surface neuf lors du changement d’utilisateur,Confusion changement d’utilisateur/réinitialisation : l’état calculé de B reste suivi après l’échange.,Le pourquoi annonçait une erreur ; comparer trois justifications de transfert d’historique. Seconde critique : Les deux références identiques ne pouvaient justifier conserver son appareil ; demander la charge effectivement suivie.,accepted-after-reread,53c14c7eb1745ec33eb56ab6d5638068c62f51ed8bc8199055694727ba67b6f0
n2-ordinateurs-lisibilite-001,cards/n2/13-ordinateurs.yaml,oui,"Avec votre masque et votre correction visuelle, vous devez lire rapidement profondeur, durée et alarmes. Quels critères d’affichage comptent directement pour choisir l’ordinateur ?","Taille des caractères, contraste et éclairage de l’écran","Diagonale de l’écran, nombre de fonctions et mémoire du journal",Confusion taille écran/lisibilité : un grand écran peut avoir des caractères petits ou peu contrastés.,"Résolution de l’écran, nombre de modes et durée de la batterie",Confusion fonctions/capacité lecture : nombre de fonctions ou mémoire ne garantit pas la lecture en immersion.,La clé seule parlait de conditions réalistes ; comparer trois critères concrets de choix.,accepted-after-reread,03c4d0064449a2efe4a0e07671cd1eadd838e189d84e30acf2412e938d480a3b
n2-ordinateurs-manuel-001,cards/n2/13-ordinateurs.yaml,oui,Vous utilisez un nouveau modèle d’ordinateur. Son écran peut demander un arrêt de sécurité ou un arrêt obligatoire après une anomalie. Quelle distinction faut-il savoir lire dans son manuel pour appliquer la conduite adaptée ?,Le symbole et le message correspondant à l’arrêt dans ce modèle,La profondeur à laquelle cet arrêt est affiché,Confusion profondeur/statut : un arrêt peu profond peut être facultatif ou obligatoire.,Le nombre de minutes affiché pour cet arrêt,Confusion durée/statut : une durée courte ne prouve pas qu’un arrêt soit facultatif.,Reconstruire autour d’une distinction concrète du manuel ; remplacer la clé lire le manuel contre l’imprudence. Seconde critique : La distinction recommandé/obligatoire était répétée dans la clé ; trois indices concurrents neutres.,accepted-after-reread,250c76af35617b4f5124cbe702c1d252edff4eb0ca2eb4312449fbd3f3d11a7d
n2-ordinateurs-modes-001,cards/n2/13-ordinateurs.yaml,oui,Un futur projet utilise un mélange de plus de 21 % d’oxygène et demande des calculs de décompression correspondant à ce mélange. Quelle fonction faut-il vérifier sur l’ordinateur ?,Un mode nitrox couvrant la fraction d’oxygène prévue,Un mode air avec réglage de conservatisme personnel,Confusion conservatisme/composition : durcir le mode air ne renseigne pas la fraction d’oxygène réellement respirée.,Un mode profondimètre avec alarmes de durée et profondeur,Confusion profondeur/décompression : un profondimètre ne calcule pas la désaturation.,Les choix expliquaient pourquoi ils ne convenaient pas ; supprimer les définitions dans les alternatives.,accepted-after-reread,cc8b93639a22fd1c1754f045d5ca25b3b28a5d1e232684fe5987dc84e7319ae6
n2-ordinateurs-ndl-air-001,cards/n2/13-ordinateurs.yaml,oui,"À profondeur constante, un ordinateur sans sonde affiche 12 min de NDL ; le manomètre et la consommation observée indiquent 4 min avant le seuil de retour convenu. Que représentent respectivement ces deux durées ?",12 min avant palier estimé ; 4 min avant déclenchement du retour lié au gaz,12 min avant déclenchement du retour lié au gaz ; 4 min avant palier estimé,Confusion NDL/autonomie gaz : l’ordinateur de décompression ne donne pas ces 12 min comme durée avant réserve.,12 min de trajet jusqu’à la surface ; 4 min avant déclenchement du retour lié au gaz,Confusion NDL/DTR : le temps restant sans palier n’est pas le temps de trajet vers la surface.,Supprimer poursuivre jusqu’à 12 min face à une réserve déjà annoncée ; comparer sources de temps.,accepted-after-reread,7dbc4728d66f7bbae858076a5086ea375b7740bfd219a67940e12b3e946d46f7
n2-ordinateurs-plafond-lecture-001,cards/n2/13-ordinateurs.yaml,oui,"Pendant une décompression, un Suunto Zoop Novo affiche CEILING 6 m. Parmi ces positions à un instant où ce plafond reste affiché, laquelle respecte cette limite ?",Se maintenir entre 6 et 7 m,Se maintenir entre 5 et 6 m,Confusion profondeur limite/valeur centrale : 5 m est au-dessus du plafond.,Osciller entre 5 et 7 m,Confusion zone symétrique/plafond : 5–7 m inclut une profondeur interdite.,"Passer du oui/non à trois positions proches, sans profondeur minimale donnée dans un choix.",accepted-after-reread,bbe5cd2c3f2c0caaad432a0ae99aca2b77fa5b17d80953b280e6af0b86f4e173
n2-ordinateurs-plafonds-differents-001,cards/n2/13-ordinateurs.yaml,oui,"Deux équipiers sont à 7 m, avec du gaz suffisant. Les plafonds de décompression de leurs ordinateurs indiquent 6 m pour A et 3 m pour B. Quelle est la profondeur la plus faible qu’ils puissent rejoindre ensemble à cet instant en respectant les deux plafonds ?",6 m,"4,5 m","Confusion contraintes/moyenne : 4,5 m franchit le plafond de A.",3 m,Confusion plus proche surface/contrainte collective : 3 m respecte B mais franchit A.,Supprimer la définition à ne pas franchir dans le recto et les justifications fantaisistes ; trois valeurs proches.,accepted-after-reread,33de787a754e1d4ad7f6e24bfc4d0736362e05907587d4f089589b32e7c25546
n2-ordinateurs-profil-001,cards/n2/13-ordinateurs.yaml,non,Pourquoi un ordinateur peut-il donner une décompression différente d’une table pour une plongée qui remonte progressivement le long d’un tombant ?,Il intègre les profondeurs successives et le temps à chacune,Il applique toute la durée à la profondeur maximale,Confusion modèle de table carré/profil suivi par l’ordinateur.,Il applique toute la durée à la dernière profondeur mesurée,Confusion dernière profondeur/intégration de l’ensemble du profil.,"Comparaison de trois intégrations du profil, pertinente.",accepted-after-reread,be3cb77913540abfc9205fef4426868f4c811a878d051a71fb9a922fec6e2a05
n2-ordinateurs-salinite-001,cards/n2/13-ordinateurs.yaml,non,"Sur un appareil offrant un réglage de salinité, à quoi sert ce réglage dans l’affichage de profondeur ?",Convertir pression mesurée en profondeur selon la densité de l’eau,Appliquer un décalage fixe de profondeur quelle que soit la pression,Confusion densité/décalage fixe : conversion variable avec la pression.,Corriger l’altitude de référence avant de convertir la pression,Confusion salinité/altitude : densité de l’eau et pression atmosphérique sont différentes.,Trois corrections instrumentales plausibles.,accepted-after-reread,867561b8c4d6e532212ee6335eac22c035143e6090cd96c422e94c6fb654976e
n2-ordinateurs-sonde-001,cards/n2/13-ordinateurs.yaml,oui,"Un ordinateur personnel a suivi toutes les plongées et mesure profondeur et durée, sans capteur relié au bloc. Laquelle de ces informations échappe à son suivi de désaturation ?",La pression actuelle du gaz dans le bloc,La charge de gaz inerte estimée par ses compartiments,Confusion donnée modèle/mesure : charge tissulaire calculée disponible sans sonde.,Le temps sans palier estimé à la profondeur actuelle,Confusion estimation de décompression/mesure : temps sans palier calculable à partir du profil.,Comparer les informations calculées et une mesure absente au lieu de demander quelle mesure désigne le gaz. Seconde critique : Obtenir directement rendait discutables les deux données estimées ; préciser connaître ou calculer.,accepted-after-reread,d81876f1fa4b7d15799bf86cd13fef850a3646cdd17ec3dea5534c02f72d53f6
n2-ordinateurs-verrouillage-001,cards/n2/13-ordinateurs.yaml,non,Un Suunto Zoop Novo reste plus de 3 min au-dessus de son plafond de décompression et affiche ER. Quelle information de décompression devient indisponible et pour quelle durée annoncée par le manuel ?,Calcul de décompression indisponible pendant 48 h après sortie,Profondeur et durée indisponibles pendant 48 h après sortie,Confusion perte du modèle/perte du capteur : profondeur et durée restent affichées.,Calcul de décompression indisponible pendant 24 h après sortie,Confusion délai 24 h/48 h du Zoop Novo.,"Temps et information verrouillée comparés, fabricant nommé.",accepted-after-reread,0fd28c3eed965bd5f01c8693f7a1ebfeb14f8940265cf48170a3bec2b0a1d3cc
n2-remontees-anormales-confort-001,cards/n2/14-remontees-anormales.yaml,oui,"Pendant une plongée normale à l’air avec ordinateur, quel arrêt interrompu à 3 m relève de la procédure fédérale de palier de décompression manqué ?",L’arrêt de décompression indiqué après dépassement du temps sans palier,L’arrêt de confort ajouté à un profil resté dans le temps sans palier,"Confusion palier de confort/décompression : ici le profil reste sans obligation, l’arrêt est ajouté volontairement.",L’arrêt de stabilisation choisi pour déployer le parachute avant la sortie,Confusion arrêt technique/palier : la stabilisation pour le parachute n’est pas une obligation de décompression.,Le recto nommait déjà les statuts ; utiliser un cas d’arrêt à 3 m non crédité. Seconde critique : Le statut obligatoire était repris mot à mot du recto ; comparer origine des arrêts de même profondeur.,accepted-after-reread,5002110e2f413c660df16c6c8da06a25841775400ea12483eee5a76bddf411a9
n2-remontees-anormales-impossible-001,cards/n2/14-remontees-anormales.yaml,oui,"Après une remontée trop rapide répondant aux critères fédéraux de 2024, à l’air avec ordinateur, la réimmersion est impossible. Quel dispositif prévu par ce texte faut-il engager avec l’avis médical ?",Oxygène en surface et évacuation coordonnée avec les secours,"Oxygène en surface, observation de 3 h et arrêt des plongées pendant 24 h",Confusion remontée rapide/rupture limitée de palier : le suivi 3 h et arrêt 24 h ne remplace pas l’évacuation prévue pour cette remontée.,"Oxygène en surface pendant 30 min, puis surveillance par les équipiers",Confusion oxygène temporaire/prise en charge poursuivie : un délai de 30 min ne remplace pas le relais des secours.,La clé seule engagait des secours ; comparer trois prises en charge avec avis médical.,accepted-after-reread,17f203573d2c4366dbc050de9a8aae6cd59bbb36e80c5cc41415cd95b81b57e1
n2-remontees-anormales-interruption-001,cards/n2/14-remontees-anormales.yaml,non,Un palier obligatoire est interrompu lors d’une plongée à l’air avec ordinateur. Le plongeur est sans signe d’accident ; le gaz et l’assistance permettent de regagner le palier en moins de 3 min. Quelle reprise prévoit la recommandation fédérale de 2024 ?,Reprendre le palier et ajouter 3 min à 3 m,Recommencer tous les paliers depuis leur début et ajouter 3 min à 3 m,Confusion reprendre le reliquat/recommencer tous les paliers.,Reprendre le palier et ajouter 3 min à 6 m,Confusion niveau 3 m de l’ajout/niveau 6 m de l’autre procédure.,Séquences avec mêmes gestes et paramètres proches.,accepted-after-reread,f0298ebf493f268fe152e238531309ef456e9738fbce96e128d67a804e74c827
n2-remontees-anormales-observation-001,cards/n2/14-remontees-anormales.yaml,non,"En mer, jusqu’à 3 min de palier obligatoire ont été manquées à l’air avec ordinateur. Sans signe d’accident et sans réimmersion possible, quel suivi associe le texte de 2024 et l’avis médical demandé par le RIFAP 2026 ?","Avis médical via le CROSS, observation 3 h et pas de nouvelle plongée pendant 24 h",Observation 3 h et pas de nouvelle plongée pendant 24 h ; avis médical seulement si un signe apparaît,Confusion surveillance 2024/avis pour tout incident RIFAP 2026 : l’absence de signe ne dispense pas de l’avis.,"Avis médical via le CROSS, observation 1 h et pas de nouvelle plongée pendant 12 h",Confusion durées 3 h et 24 h avec des délais raccourcis 1 h et 12 h.,"Délai, absence de symptôme et avis médical comparés ; pas de négation de tous les secours.",accepted-after-reread,0d0875168cddf0cbe3a2cf8f5b170a70a9de87e1d39c25a76b624baa8d9b49f6
n2-remontees-anormales-rattrapage-001,cards/n2/14-remontees-anormales.yaml,oui,"Après une remontée trop rapide répondant aux critères fédéraux de 2024, à l’air avec ordinateur, le plongeur est sans signe d’accident. Le gaz et l’assistance permettent la réimmersion dans le délai requis. Quelle séquence minimale de rattrapage s’applique, en conservant toute obligation de l’ordinateur plus importante ?","5 min au moins à mi-profondeur ou plus profond, puis 1 min à 6 m et 5 min à 3 m","12 min à mi-profondeur, puis paliers recalculés avec les tables MN90",Confusion ancienne procédure MN90/procédure ordinateur 2024 : le palier de 12 min est celui d’un ancien rattrapage de tables.,"5 min au moins à mi-profondeur ou plus profond, puis 5 min à 6 m et 1 min à 3 m","Confusion durées à 6 et 3 m : 1 min à 6 et 5 min à 3, non l’inverse.",Le recto donnait la profondeur de rattrapage ; retirer cette indication tout en gardant les conditions de faisabilité. Seconde critique : Préférer plus profond à plus bas pour éviter une lecture imprécise.,accepted-after-reread,750704c6029ff30b49381820af7f6125bbfef9b2d8edf44eadf43f8cd25a8430
n2-remontees-anormales-references-001,cards/n2/14-remontees-anormales.yaml,non,Une plongée à l’air est conduite à l’ordinateur. Quel rapport existe entre les rattrapages fédéraux de 2024 et les anciennes procédures MN90 ?,Les rattrapages de 2024 sont distincts des anciennes procédures MN90,Les rattrapages de 2024 reprennent les procédures MN90 avec de nouveaux intitulés,Confondre nouvelles procédures et simple renommage des anciennes.,Les rattrapages restent ceux des MN90 ; le texte de 2024 modifie seulement l’alerte,"Croire que seules les modalités d’alerte ont changé, sans toucher aux rattrapages.",Trois interprétations du champ des textes ; pas de choix manifestement imprudent.,accepted-after-reread,cc5882fd882d01e59aed0caa672c6f58d51f935ac1b0e89bf2989ae49d930497
n2-remontees-anormales-seuil-001,cards/n2/14-remontees-anormales.yaml,non,"En plongée à l’air avec ordinateur, quels critères définissent la remontée trop rapide dans les préconisations fédérales de 2024 ?","Plus de 15 m/min entre 30 m et la surface, sur au moins 10 m","Plus de 10 m/min entre 30 m et la surface, sur au moins 10 m",Confusion alarme fabricant 10 m/min/seuil fédéral 15 m/min.,"Plus de 15 m/min entre 30 m et la surface, sur au moins 3 m",Confusion distance minimale 10 m/délai ou distance de 3.,Trois critères chiffrés concurrents ; seuil d’alarme et procédure distingués.,accepted-after-reread,293ef8005b532357d7afda4d7b08704f95db6d9b703e99c89ad5e720cc6e9a2f
n2-remontees-anormales-six-metres-001,cards/n2/14-remontees-anormales.yaml,oui,"Pour des exercices comportant plusieurs remontées, quelle profondeur limite les préconisations fédérales de 2024 demandent-elles de ne pas dépasser vers la surface, dans la mesure du possible ?",6 m,3 m,Confusion dernier palier/tour d’horizon 3 m avec seuil de proximité des exercices répétés.,9 m,Confusion marge personnelle/seuil fédéral : 9 m est plus conservateur mais n’est pas le seuil demandé.,Remplacer surface à chaque fois par trois seuils plausibles sans justification.,accepted-after-reread,1e65c113073e29cd01767fbc58b102ed6091010f380411ee45bffd8a2c4e5a94
n2-remontees-anormales-symptomes-001,cards/n2/14-remontees-anormales.yaml,oui,"Après 2 min de palier obligatoire manquées, un plongeur présente faiblesse et fourmillements. Gaz et équipier permettraient une réimmersion rapide. Quelle branche de prise en charge s’applique ?","Secours, oxygène adapté et surveillance en surface",Reprise du palier en moins de 3 min et ajout de 3 min à 3 m,Confusion critère sans signe/incident symptomatique : le retour au palier en moins de 3 min n’est pas applicable à une victime avec signes.,"Rattrapage de 5 min à mi-profondeur, puis arrêts à 6 et 3 m",Confusion rattrapage remontée rapide/prise en charge d’un accident : la séquence mi-profondeur ne traite pas des symptômes.,Comparer les branches de rattrapage entre elles ; supprimer le contraste oui/non.,accepted-after-reread,3d8185c0860409e2a5653d627e3d298c6005bb2211541272947d7ef389a2e248
n2-remontees-anormales-yoyos-001,cards/n2/14-remontees-anormales.yaml,oui,"Pendant une même immersion d’exercices, la palanquée suit 20 m → 6 m → 20 m → 6 m → 20 m avant sa sortie finale. Comment classe-t-on ces variations de profondeur ?",Un profil multi-yoyos,Une série de plongées successives,Confusion cycles pendant une immersion/plongées successives séparées par la surface.,Une série de plongées consécutives,Confusion cycles pendant une immersion/plongées consécutives avec bref intervalle de surface.,Comparer trois classifications d’un profil donné plutôt que traduire le mot yoyo.,accepted-after-reread,71a651246fe9f0932ce9135dc3806b27e360145d88c0397c3236e48af2f8ca69
n2-tables-arrondis-001,cards/n2/12-tables.yaml,non,"Exercice MN90 : la profondeur maximale est 19 m et la durée avant remontée 31 min 10 s. La table comporte 18 et 20 m, puis 30 et 35 min à 20 m. Quelle ligne retenir ?",20 m et 35 min,20 m et 30 min,Arrondir la durée vers le bas : 31 min 10 s dépasse 30 min.,18 m et 35 min,Arrondir la profondeur vers le bas : 19 m dépasse 18 m.,Arrondis concurrents conservés.,accepted-after-reread,1a00e2d07e2bde20ae5cf1b16d04928ec30edf5026e179a576bc6c34c31134e8
n2-tables-calcul-dtr-001,cards/n2/12-tables.yaml,oui,"Exercice MN90 : départ de 30 m, un seul palier de 9 min à 3 m. Employer 15 m/min jusqu’au palier, puis 6 m/min à la surface, et arrondir la somme à la minute supérieure. Quelle DTR ?",12 min,11 min,"Confusion arrondi au supérieur/au plus proche : 11,3 devient à tort 11.",13 min,"Confusion vitesse de 10 m/min de certains ordinateurs/MN90 : 27/10 + 9 + 3/6 = 12,2, arrondi à tort à 13 pour cet énoncé.",Calcul de DTR avec erreurs proches. Seconde critique : 13 min correspond à la vitesse ordinateur de 10 m/min appliquée au trajet initial ; montrer ce calcul plutôt qu’inventer une erreur de double arrondi.,accepted-after-reread,d79bd553554a96d0fca33b456cf9b3a142d38d29a4e72f2e97b92b373f61310d
n2-tables-courbe-001,cards/n2/12-tables.yaml,non,Extrait MN90 à 20 m : 40 min sans palier ; 45 min avec 1 min à 3 m. Une plongée simple dure 41 min avant une remontée normale. Faut-il lire une ligne avec palier ?,Oui : lire 45 min et 1 min à 3 m,Non : lire 40 min et aucun palier,Lire la ligne 40 min malgré 41 min de durée.,Oui : interpoler à 41 min et 12 s à 3 m,Interpoler : (41 − 40)/(45 − 40) × 60 = 12 s.,"Arrondi, lecture inférieure et interpolation identifiés.",accepted-after-reread,696ee923f2f022e802d0d74d382a6d2f7deb63ffd476fecc135a7e81a33a4f97
n2-tables-deux-plongees-001,cards/n2/12-tables.yaml,oui,À quel champ d’application se rattache la limite de deux plongées par 24 heures étudiée avec les MN90 ?,Au domaine d’emploi des tables MN90,Au nombre réglementaire de plongées à l’air en établissement,Confusion règle de table/règle nationale : ce nombre n’est pas un plafond réglementaire général de plongée adulte.,Au domaine d’emploi commun des ordinateurs à gaz dissous,"Confusion MN90/algorithmes : les limites d’un appareil sont celles de son manuel et du projet, pas une reprise automatique.",Remplacer un oui/non prudence contre absence de suivi par trois champs d’application.,accepted-after-reread,9d2fd1b548a48073c4496cc976646624282415ece5a1c077c22e86f629655e6d
n2-tables-domaine-001,cards/n2/12-tables.yaml,oui,Pour quelles conditions de gaz et d’effort les tables MN90 ont-elles été établies ?,Air et effort physique modéré,Air et effort physique intense,Confusion domaine d’emploi/effort intense : les MN90 visent l’effort modéré.,Nitrox et effort physique modéré,Confusion table air/table nitrox : la présence de plus d’oxygène n’autorise pas directement cet emploi.,"Éliminer tout mélange, qui signalait la généralisation ; trois domaines comparables.",accepted-after-reread,d690e9be007f3c802ece65a4a3d6a1912ac8829b26709b3ae4475cbd97d32baa
n2-tables-dtr-001,cards/n2/12-tables.yaml,oui,"Que comprend la durée totale de remontée, ou DTR, d’un exercice de tables MN90 ?","Trajet du fond au premier palier, arrêts et trajets jusqu’à la surface",Trajet du fond au premier palier et somme des durées d’arrêt,Confusion DTR/trajet jusqu’au premier arrêt : il faut aussi les transitions et l’accès à la surface.,Somme des durées d’arrêt aux différentes profondeurs de palier,Confusion DTR/somme des durées d’arrêt : les déplacements ont une durée propre.,Remplacer des phases de descente et fond éliminables par le seul mot remontée.,accepted-after-reread,8d31596b9d21c05f959c17d6e46ae7ba85c6830f76128bf667cb0dbd06eeda29
n2-tables-dtr-plusieurs-paliers-001,cards/n2/12-tables.yaml,non,"Exercice MN90 de calcul de trajet : départ du fond à 28 m, arrêts imposés par l’énoncé de 1 min à 6 m puis 4 min à 3 m. Employer 15 m/min jusqu’au premier arrêt, puis 6 m/min entre les arrêts et jusqu’à la surface. Arrondir la somme à la minute supérieure. Quelle durée totale de remontée ?",8 min,7 min,"Arrondir 7,47 min au plus proche : 7.",9 min,Arrondir chaque trajet séparément : 2 + 1 + 1 + 5 = 9.,Arrondi global contre arrondis erronés.,accepted-after-reread,87b1d483f17836afe23aa2ea0b06b786e78c91cb7bd66f866a913c0b04f42aba
n2-tables-duree-001,cards/n2/12-tables.yaml,non,"Dans une plongée simple MN90 à remontée normale, entre quels instants compte-t-on la durée utilisée pour entrer dans la table ?",Du départ de la surface au début de la remontée,De l’arrivée au fond au début de la remontée,Exclure la descente en comptant depuis l’arrivée au fond.,Du départ de la surface à la fin du dernier palier,Confondre durée d’entrée avec durée totale d’immersion incluant les paliers.,Trois instants de départ et fin crédibles ; aucune clé dévoilée.,accepted-after-reread,fdc4c9b505b55cf61bcded37332658087540fedbbbc2579312f614f671e7e417
n2-tables-gps-001,cards/n2/12-tables.yaml,oui,"À la sortie d’une plongée MN90, comment utilise-t-on la lettre du groupe de plongée successive (GPS) pour préparer la suivante ?","Avec l’intervalle de surface, lire l’azote résiduel avant de déterminer la majoration",La convertir en majoration à ajouter à la durée réelle de la suivante,Confusion GPS/majoration : la lettre ne donne pas le temps fictif sans intervalle ni profondeur de la suivante.,La convertir en intervalle minimal permettant de traiter la suivante comme isolée,Confusion GPS/intervalle minimal : la lettre ne fixe pas un délai suffisant pour repartir sans prise en compte résiduelle.,"Comparer étapes de préparation de la suivante, sans durée du dernier palier hors objet.",accepted-after-reread,6291047be0489b0ec934313839f6a2fb0270c2f32ff49612823c6b3b5ce07312
n2-tables-intervalle-arrondi-001,cards/n2/12-tables.yaml,non,"Exercice MN90 : GPS H, intervalle réel 2 h 10. Tableau I : H/2 h = 0,98 ; H/2 h 30 = 0,95. Quel intervalle tabulé retenir pour lire l’azote résiduel ?","2 h, soit 0,98","2 h 30, soit 0,95","Arrondir le temps surface au supérieur, créditant 20 min inexistantes.","2 h 10, par interpolation entre 0,98 et 0,95",Interpoler alors que la règle MN90 exige la valeur tabulée inférieure.,Deux lignes voisines et interpolation concurrentes.,accepted-after-reread,988a433ca3f6f1cab8864aaea680ee1c6320f17dfb91c93fe87b66d7d3c17fa3
n2-tables-intervalles-001,cards/n2/12-tables.yaml,non,"Dans les exercices MN90, à quelles catégories appartiennent deux plongées séparées par exactement 15 min de surface, puis par exactement 12 h ?",15 min : successive ; 12 h : isolée,15 min : consécutive ; 12 h : successive,Inclure les deux bornes dans les catégories précédentes.,15 min : successive ; 12 h : successive,Inclure 12 h dans les successives au lieu de commencer les isolées.,Limites exactes 15 min et 12 h testées.,accepted-after-reread,386b0220ccd06ebb503306fec314c728b6c47a752338bfb3a5a7c1e1d12f9ee8
n2-tables-majoration-001,cards/n2/12-tables.yaml,non,"Dans une plongée successive MN90, que représente la majoration ajoutée au temps de la deuxième plongée ?",Un temps fictif représentant l’azote résiduel,Un temps réel supplémentaire à passer au fond,Traiter le temps fictif comme temps réellement autorisé au fond.,Un temps d’attente à ajouter à l’intervalle de surface,Traiter le temps fictif comme attente à ajouter en surface.,Trois natures de temps comparables.,accepted-after-reread,80081d2742a9ccab378fe46c63fc954c7c975c5fa20d09aa467f3aeac8086dcb
n2-tables-ordinateur-001,cards/n2/12-tables.yaml,oui,Pourquoi la vitesse MN90 de 15 à 17 m/min ne définit-elle pas automatiquement la limite à suivre pour une plongée conduite à l’ordinateur ?,La limite de vitesse fait partie des conditions du modèle utilisé pendant cette plongée,La vitesse MN90 sert de référence commune aux calculs de toutes les méthodes,Confusion standard national/méthode : la vitesse MN90 n’est pas un réglage commun à tous les algorithmes.,La vitesse utilisée peut être changée en conservant le temps total des paliers,Confusion compensation durée/vitesse : respecter la même somme d’arrêts ne permet pas de changer la limite du modèle.,Retirer moyenne artificielle et expérience passée hors cadre ; comparer seuils concurrents. Seconde critique : Le seuil 10 m/min était donné au recto ; revenir à la compatibilité des méthodes sans réponse numérique fournie. Seconde critique : Éviter de laisser entendre que toutes les vitesses de tous les ordinateurs diffèrent des MN90.,accepted-after-reread,4d10c207514a8bf6bd3bd3717a5195bda22c187bcf0dd1e5f296e06cc7f8ecec
n2-tables-profil-carre-001,cards/n2/12-tables.yaml,non,"Dans la lecture classique des MN90, pourquoi retient-on la profondeur maximale plutôt que la profondeur moyenne ?",La table attribue toute la durée retenue à la profondeur maximale,La table attribue la durée à la moyenne des profondeurs extrêmes,Confusion maximum/moyenne : le profil carré MN90 utilise le maximum.,La table attribue seulement le séjour au fond à la profondeur maximale,Confusion durée de table/durée au fond : la descente est incluse dans la durée retenue.,"Conventions concurrentes explicites, même opération de durée/profondeur.",accepted-after-reread,875f3f3019d6b2a4c3e755bf44ca957151e7b795b7903e51117c5132d77b56e9
n2-tables-remontee-lente-001,cards/n2/12-tables.yaml,non,"Exercice MN90 : 20 min jusqu’au départ du fond, puis 4 min de remontée lente jusqu’au premier palier. Quelle durée retenir avant les arrondis de lecture ?",24 min,20 min,Ne pas ajouter les 4 min de remontée lente : 20 min.,16 min,Soustraire les 4 min : 20 − 4 = 16 min.,Trois opérations comparées.,accepted-after-reread,ac62ffb83d8bb703f8d1bd761776d27e435de9646ad08ce2ac7a44cc13f3d257
n2-tables-sans-palier-001,cards/n2/12-tables.yaml,oui,"Une plongée simple à 20 m est lue sur une ligne MN90 ne donnant aucun palier. Quelle remontée normale correspond à cette lecture, sans arrêt facultatif ajouté ?",Remonter vers la surface à la vitesse MN90 de 15 à 17 m/min,"Remonter vers la surface à 6 m/min, comme entre deux paliers",Confusion vitesse du trajet final/vitesse du fond : les 6 m/min entre paliers ne remplacent pas la remontée normale depuis le fond.,"Remonter jusqu’à 3 m à 15 à 17 m/min, puis y rester 3 min",Confusion confort/obligation : un arrêt facultatif de 3 min n’est pas un palier obligatoire absent de la ligne.,Passer de la définition contenue dans la question à une lecture appliquée avec choix proches.,accepted-after-reread,8292c5fcfc6847ba1641ce37ca56d24493bef46c33f9a08c87d40c5fe489d838
n2-tables-successive-001,cards/n2/12-tables.yaml,oui,"Exercice MN90 : GPS H, intervalle de surface 2 h, deuxième plongée prévue à 20 m pendant 20 min. Extraits : H/2 h → azote résiduel 0,98 ; tableau II, 0,99/20 m → majoration 22 min ; à 20 m, 40 min → sans palier, 45 min → 1 min à 3 m. Quels paliers lire pour la seconde ?",1 min à 3 m,Aucun palier obligatoire,Confusion temps réel/temps fictif : lire 20 min donne à tort aucun palier.,24 s à 3 m,Confusion lecture arrondie/interpolation : 42 min ne se lit pas comme 24 s d’un palier interpolé entre 40 et 45 min.,22 min de palier reprenait une majoration nommée : remplacer par une lecture proche réellement calculable.,accepted-after-reread,a4ca14e45ac519b45577e0d84b7b55050ef5cbc05ecf129fbb1c7df092bac0d9
n2-tables-successive-duree-maximale-001,cards/n2/12-tables.yaml,non,"Exercice MN90 : à 20 m, la dernière ligne sans palier obligatoire est 40 min. Pour une deuxième plongée à 20 m, la majoration calculée vaut 22 min. Quelle durée réelle maximale avant remontée reste dans cette ligne sans palier ?",18 min,22 min,Prendre la majoration 22 min pour le temps réellement disponible.,40 min,Oublier la majoration et prendre 40 min réelles.,Opération inverse utile conservée.,accepted-after-reread,1558ca1d8b2f058cfaca1c68af7d19e723e8ae615711a75d8232bb44f39e5e67
n2-tables-temps-fictif-001,cards/n2/12-tables.yaml,non,"Exercice de successive : majoration 13 min, durée réelle de la deuxième plongée 22 min. Quelle durée sert à lire ses paliers ?",35 min,22 min,Oublier la majoration : 22 min.,9 min,Soustraire la majoration : 22 − 13 = 9 min.,Résultats issus d’opérations identifiées.,accepted-after-reread,666ad076e26719da889a32c7622dbfaef3b9c3925342463e350a23579a75e164
n2-tables-variables-001,cards/n2/12-tables.yaml,non,Quelles trois données faut-il connaître pour déterminer la majoration MN90 d’une deuxième plongée ?,"GPS initial, intervalle de surface, profondeur de la seconde","GPS initial, durée réelle de la seconde, profondeur de la seconde",Substituer la durée réelle au délai de désaturation en surface.,"Profondeur de la première, intervalle de surface, durée de la seconde",Substituer profondeur et durée aux données GPS et profondeur de la suivante.,Trois ensembles de données cohérents mais un seul complet.,accepted-after-reread,4e5073609044cda40a45d5db471477ec39dc639f5b43ca2bb388d286274f8679
n2-tables-vitesses-001,cards/n2/12-tables.yaml,non,"Dans les MN90 au niveau de la mer, quelles vitesses distingue-t-on pour remonter du fond puis entre les paliers ?","15 à 17 m/min jusqu’au premier palier, puis 6 m/min","6 m/min jusqu’au premier palier, puis 15 à 17 m/min",Inverser vitesse depuis le fond et vitesse entre paliers.,15 à 17 m/min jusqu’au premier palier et entre les paliers,Employer la vitesse depuis le fond aussi entre les paliers.,Valeurs et phases MN90 comparées sans indice de prudence.,accepted-after-reread,7f619f97e53afc57d11685257c0ad266962c63d3794cb3adc7dfad55c5574da9
