id,objectif,lot,decision_initiale,motif_et_correction,distracteur,texte_final,attrait,refutation,relecture,controle_factuel,date_verification,format,sha256_fr
n2-gonflage-blocs-compresseur-001,P474,1,REVISE,"Clé prudente face à deux garanties fantaisistes ; comparer trois origines réelles de contamination, dont une correspond à l’emplacement de la prise d’air.",1,Des aérosols d’huile issus de la lubrification du compresseur,Confondre deux origines réelles de pollution lors du gonflage.,"Les aérosols proposés viennent du compresseur, pas des échappements aspirés.",ISOLATION/CREDIBILITY/LENGTH/WHY/SENSE : pass après nouvelle lecture ; une clé dans le contexte explicite,"DAN Breathing Gas Contamination, prévention et origine des contaminants",2026-10-09,QCM pertinent ; modèle historique conservé,af5168f9d652f1dceed14eb60ce317e2700b9604ce15fbd0152431db874cff50
n2-gonflage-blocs-compresseur-001,P474,1,REVISE,"Clé prudente face à deux garanties fantaisistes ; comparer trois origines réelles de contamination, dont une correspond à l’emplacement de la prise d’air.",2,De la vapeur d’eau issue de l’humidité atmosphérique,"Retenir l’humidité, autre contaminant important du gaz.",La vapeur proposée vient de l’atmosphère ; la contamination toxique liée aux échappements est le CO.,ISOLATION/CREDIBILITY/LENGTH/WHY/SENSE : pass après nouvelle lecture ; une clé dans le contexte explicite,"DAN Breathing Gas Contamination, prévention et origine des contaminants",2026-10-09,QCM pertinent ; modèle historique conservé,af5168f9d652f1dceed14eb60ce317e2700b9604ce15fbd0152431db874cff50
n2-gonflage-blocs-tampons-001,P477,1,REVISE,"Le dernier leurre de détente était faible : deux choix solides opposent maintenant stockage/transfert et compression, sans choix de remplissage.",1,Comprimer l’air aspiré pour alimenter les blocs,Attribuer à la batterie de stockage le rôle du compresseur qui la charge.,Les tampons stockent et transvasent ; ils ne compriment pas eux-mêmes l’air aspiré.,ISOLATION/CREDIBILITY/LENGTH/WHY/SENSE : pass après nouvelle lecture ; une clé dans le contexte explicite,"Roth FC244 rev9 janvier 2020, p.1 ; principes de gaz et flottabilité ; références de la carte",2026-10-09,QCM pertinent ; modèle historique conservé,2b15c5ccc7c9e841512dde301a44044af260210c6a32fde1a5a1325740d82dcc
n2-gonflage-blocs-pression-001,P479,1,REVISE,"La limite après TIV était inventée ; comparer PS, PT et la valeur standard 200 bar d’autres blocs, avec maximum explicite.",1,345 bar,Prendre la pression d’épreuve pour une limite de remplissage.,PT 345 est la pression d’épreuve ; la limite en service est PS 230.,ISOLATION/CREDIBILITY/LENGTH/WHY/SENSE : pass après nouvelle lecture ; une clé dans le contexte explicite,"Roth FC244 rev9 janvier 2020, p.1 ; principes de gaz et flottabilité ; références de la carte",2026-10-09,QCM pertinent ; modèle historique conservé,1f5d27f5f41064a518f6b3d379a29d48af935935f9feca9f1e9650cdc7609945
n2-gonflage-blocs-pression-001,P479,1,REVISE,"La limite après TIV était inventée ; comparer PS, PT et la valeur standard 200 bar d’autres blocs, avec maximum explicite.",2,200 bar,Appliquer la valeur familière de nombreux blocs 200 bar.,"Le marquage PS du bloc considéré donne 230, pas une valeur générique de 200.",ISOLATION/CREDIBILITY/LENGTH/WHY/SENSE : pass après nouvelle lecture ; une clé dans le contexte explicite,"Roth FC244 rev9 janvier 2020, p.1 ; principes de gaz et flottabilité ; références de la carte",2026-10-09,QCM pertinent ; modèle historique conservé,1f5d27f5f41064a518f6b3d379a29d48af935935f9feca9f1e9650cdc7609945
n2-gonflage-blocs-habilitation-001,P480,1,REVISE,"Oui/non et présence d’un autre N2 trop faciles ; distinguer exploitant, DP et inspecteur sans faire de TIV une habilitation automatique.",1,"Comme plongeur autonome, autorisé par le directeur de plongée",Étendre la décision du DP et l’autonomie N2 à la conduite de la station.,La reconnaissance de compétence et l’autorisation relèvent de l’exploitant de la station.,ISOLATION/CREDIBILITY/LENGTH/WHY/SENSE : pass après nouvelle lecture ; une clé dans le contexte explicite,"Arrêté 20-11-2017, art.5 ; Roth FC244 p.1",2026-10-09,QCM pertinent ; modèle historique conservé,663ee413391b222add84f28580fa9fd86f733ff1d7a555c4db50527d3e32f6ef
n2-gonflage-blocs-habilitation-001,P480,1,REVISE,"Oui/non et présence d’un autre N2 trop faciles ; distinguer exploitant, DP et inspecteur sans faire de TIV une habilitation automatique.",2,"Comme inspecteur des bouteilles, qualifié TIV par la fédération",Confondre inspection des bouteilles et conduite d’un équipement de gonflage.,La qualification TIV porte sur l’inspection et ne vaut pas autorisation de cette station.,ISOLATION/CREDIBILITY/LENGTH/WHY/SENSE : pass après nouvelle lecture ; une clé dans le contexte explicite,"Arrêté 20-11-2017, art.5 ; Roth FC244 p.1",2026-10-09,QCM pertinent ; modèle historique conservé,663ee413391b222add84f28580fa9fd86f733ff1d7a555c4db50527d3e32f6ef
n2-gonflage-blocs-materiau-001,P483,1,REVISE,"Abandonner le non seul nuancé ; opposer volume extérieur, capacité et matériau avec des choix de même longueur.",1,La masse totale et la capacité intérieure de chaque bloc,Assimiler le volume d’eau déplacé à la capacité intérieure annoncée en litres.,"Archimède utilise le volume extérieur, qui n’est pas la capacité de stockage.",ISOLATION/CREDIBILITY/LENGTH/WHY/SENSE : pass après nouvelle lecture ; une clé dans le contexte explicite,"Roth FC244 rev9 janvier 2020, p.1 ; principes de gaz et flottabilité ; références de la carte",2026-10-09,QCM pertinent ; modèle historique conservé,fe47cce862bb6df8e141004380f9b00d67c803e0868790021dbc965b0565d6d6
n2-gonflage-blocs-materiau-001,P483,1,REVISE,"Abandonner le non seul nuancé ; opposer volume extérieur, capacité et matériau avec des choix de même longueur.",2,Le matériau et la capacité intérieure de chaque bloc,Déduire la flottabilité du matériau et de la taille commerciale.,"Il faut connaître les masses et volumes extérieurs réels, ainsi que le gaz contenu.",ISOLATION/CREDIBILITY/LENGTH/WHY/SENSE : pass après nouvelle lecture ; une clé dans le contexte explicite,"Roth FC244 rev9 janvier 2020, p.1 ; principes de gaz et flottabilité ; références de la carte",2026-10-09,QCM pertinent ; modèle historique conservé,fe47cce862bb6df8e141004380f9b00d67c803e0868790021dbc965b0565d6d6
n2-gonflage-blocs-bi-001,P484,1,REVISE,Question oui/non donnant la prudence comme clé ; interroger la liaison de gaz face au comptage d’accessoires.,1,Le nombre de seconds étages montés sur l’ensemble,Confondre deux sources de respiration avec deux réserves indépendantes.,Deux seconds étages peuvent partager le même stock de gaz.,ISOLATION/CREDIBILITY/LENGTH/WHY/SENSE : pass après nouvelle lecture ; une clé dans le contexte explicite,"Roth FC244 rev9 janvier 2020, p.1 ; principes de gaz et flottabilité ; références de la carte",2026-10-09,QCM pertinent ; modèle historique conservé,9b29bc8f3a6d22eb8c3294f68918ea0b5f7266fb5b89b3bb965c11bc0642f6a3
n2-gonflage-blocs-bi-001,P484,1,REVISE,Question oui/non donnant la prudence comme clé ; interroger la liaison de gaz face au comptage d’accessoires.,2,Le nombre de manomètres montés sur l’ensemble,Assimiler deux instruments de suivi à deux circuits indépendants.,Le nombre de manomètres ne décrit pas la liaison entre les bouteilles.,ISOLATION/CREDIBILITY/LENGTH/WHY/SENSE : pass après nouvelle lecture ; une clé dans le contexte explicite,"Roth FC244 rev9 janvier 2020, p.1 ; principes de gaz et flottabilité ; références de la carte",2026-10-09,QCM pertinent ; modèle historique conservé,9b29bc8f3a6d22eb8c3294f68918ea0b5f7266fb5b89b3bb965c11bc0642f6a3
n2-gonflage-blocs-chaleur-chocs-001,P494,1,REVISE,Retirer garantie grossière de résistance aux chocs ; distinguer pression/température et étanchéité/résistance mécanique.,1,La chaleur diminue la pression ; le choc peut endommager l’assemblage,Inverser le sens de la relation pression/température.,"À volume fermé, l’échauffement augmente la pression.",ISOLATION/CREDIBILITY/LENGTH/WHY/SENSE : pass après nouvelle lecture ; une clé dans le contexte explicite,"Roth FC244 rev9 janvier 2020, p.1 ; principes de gaz et flottabilité ; références de la carte",2026-10-09,QCM pertinent ; modèle historique conservé,5c341b24919d6a06f4e5d15938cdf8384f21e8b166d0a3c4c1a61ae90ef1ab40
n2-gonflage-blocs-chaleur-chocs-001,P494,1,REVISE,Retirer garantie grossière de résistance aux chocs ; distinguer pression/température et étanchéité/résistance mécanique.,2,La chaleur augmente la pression ; le choc ne concerne que l’étanchéité,Limiter un choc de robinet au défaut de joint le plus familier.,Un impact peut aussi endommager l’assemblage ou le métal ; pas seulement l’étanchéité.,ISOLATION/CREDIBILITY/LENGTH/WHY/SENSE : pass après nouvelle lecture ; une clé dans le contexte explicite,"Roth FC244 rev9 janvier 2020, p.1 ; principes de gaz et flottabilité ; références de la carte",2026-10-09,QCM pertinent ; modèle historique conservé,5c341b24919d6a06f4e5d15938cdf8384f21e8b166d0a3c4c1a61ae90ef1ab40
n2-gonflage-blocs-eau-001,P495,1,REVISE,"Écarter les faux bienfaits du rinçage ; comparer corrosion, déformation et usure mécanique sans conseiller de manipulation.",1,La déformation élastique du métal lors de la détente,Associer vidange et déformation du récipient sous pression.,Une déformation élastique est réversible ; elle ne décrit pas la corrosion provoquée par l’humidité.,ISOLATION/CREDIBILITY/LENGTH/WHY/SENSE : pass après nouvelle lecture ; une clé dans le contexte explicite,"Roth FC244 rev9 janvier 2020, p.1 ; principes de gaz et flottabilité ; références de la carte",2026-10-09,QCM pertinent ; modèle historique conservé,f5c0e5327b9de4a67b7261fded3ad63d8fdeff3b53ed83b865bfa140fa462b9c
n2-gonflage-blocs-eau-001,P495,1,REVISE,"Écarter les faux bienfaits du rinçage ; comparer corrosion, déformation et usure mécanique sans conseiller de manipulation.",2,L’usure du métal par le seul écoulement de l’eau,Confondre dégradation chimique et érosion mécanique.,"Dans ce bloc qui a pris de l’eau, le risque décrit est la corrosion, pas l’usure par le seul écoulement.",ISOLATION/CREDIBILITY/LENGTH/WHY/SENSE : pass après nouvelle lecture ; une clé dans le contexte explicite,"Roth FC244 rev9 janvier 2020, p.1 ; principes de gaz et flottabilité ; références de la carte",2026-10-09,QCM pertinent ; modèle historique conservé,f5c0e5327b9de4a67b7261fded3ad63d8fdeff3b53ed83b865bfa140fa462b9c
n2-gonflage-blocs-vidange-001,P496,1,REVISE,Mettre en concurrence détente/compression et sens de la pression plutôt qu’un gaz à température prétendument constante.,1,L’échauffement associé à la compression du gaz,Appliquer à la vidange le phénomène thermique du gonflage.,"La vidange provoque une détente, et non une compression qui chauffe.",ISOLATION/CREDIBILITY/LENGTH/WHY/SENSE : pass après nouvelle lecture ; une clé dans le contexte explicite,"Roth FC244 rev9 janvier 2020, p.1 ; principes de gaz et flottabilité ; références de la carte",2026-10-09,QCM pertinent ; modèle historique conservé,088b1dbda3a7c68a3dd217d1b8927b25cb5c20aaa51ce321205338d24a113e9a
n2-gonflage-blocs-vidange-001,P496,1,REVISE,Mettre en concurrence détente/compression et sens de la pression plutôt qu’un gaz à température prétendument constante.,2,Le refroidissement associé à l’augmentation de pression du gaz,Se souvenir du refroidissement mais inverser l’évolution de pression.,Le bloc se dépressurise ; la pression n’augmente pas pendant cette vidange.,ISOLATION/CREDIBILITY/LENGTH/WHY/SENSE : pass après nouvelle lecture ; une clé dans le contexte explicite,"Roth FC244 rev9 janvier 2020, p.1 ; principes de gaz et flottabilité ; références de la carte",2026-10-09,QCM pertinent ; modèle historique conservé,088b1dbda3a7c68a3dd217d1b8927b25cb5c20aaa51ce321205338d24a113e9a
n2-gonflage-blocs-corrosion-001,P497,1,REVISE,"Retirer le mot épaisseur diminuée qui réfutait un leurre ; distinguer preuve d’étanchéité, épaisseur résistante et validité du suivi.",1,"L’épaisseur de métal restante, sans établir l’état de la peinture",Prendre un test sans fuite pour une mesure de matière résistante.,L’étanchéité actuelle ne mesure pas l’épaisseur de métal restante.,ISOLATION/CREDIBILITY/LENGTH/WHY/SENSE : pass après nouvelle lecture ; une clé dans le contexte explicite,"Roth FC244 rev9 janvier 2020, p.1 ; principes de gaz et flottabilité ; références de la carte",2026-10-09,QCM pertinent ; modèle historique conservé,f52c1b3e6396f62316ebba78a13ad466e4f91faf48d2a43e997b516d11bb957a
n2-gonflage-blocs-corrosion-001,P497,1,REVISE,"Retirer le mot épaisseur diminuée qui réfutait un leurre ; distinguer preuve d’étanchéité, épaisseur résistante et validité du suivi.",2,"La validité de la requalification, sans établir l’état du culot",Prendre un état observé pour la preuve d’un suivi réglementaire valide.,Une absence de fuite n’établit ni date ni validité de requalification.,ISOLATION/CREDIBILITY/LENGTH/WHY/SENSE : pass après nouvelle lecture ; une clé dans le contexte explicite,"Roth FC244 rev9 janvier 2020, p.1 ; principes de gaz et flottabilité ; références de la carte",2026-10-09,QCM pertinent ; modèle historique conservé,f52c1b3e6396f62316ebba78a13ad466e4f91faf48d2a43e997b516d11bb957a
n2-gonflage-blocs-periodicites-001,P500,1,REVISE,Le recto donnait six ans et un leurre supprimait tout contrôle ; opposer anciennes valeurs et confusion inspection/requalification.,1,Régime ordinaire : 2 ans ; régime conforme au cahier des charges : 5 ans,Réutiliser l’ancien intervalle de cinq ans du support N2.,"Article 18 actuel : six ans sous le cahier des charges, pas cinq.",ISOLATION/CREDIBILITY/LENGTH/WHY/SENSE : pass après nouvelle lecture ; une clé dans le contexte explicite,"Arrêté 20-11-2017, art.15 et 18 ; CC-TIV 04-12-2015",2026-10-09,QCM pertinent ; modèle historique conservé,375f96de092a4c997f1cb35f39cea84cb216886e78f8699ef8ef29729488c1c9
n2-gonflage-blocs-periodicites-001,P500,1,REVISE,Le recto donnait six ans et un leurre supprimait tout contrôle ; opposer anciennes valeurs et confusion inspection/requalification.,2,Régime ordinaire : 4 ans ; régime conforme au cahier des charges : 6 ans,Étendre aux bouteilles de plongée un intervalle d’inspection d’autres équipements.,Le régime ordinaire de requalification des bouteilles de plongée est deux ans.,ISOLATION/CREDIBILITY/LENGTH/WHY/SENSE : pass après nouvelle lecture ; une clé dans le contexte explicite,"Arrêté 20-11-2017, art.15 et 18 ; CC-TIV 04-12-2015",2026-10-09,QCM pertinent ; modèle historique conservé,375f96de092a4c997f1cb35f39cea84cb216886e78f8699ef8ef29729488c1c9
n2-gonflage-blocs-transport-001,P502,1,REVISE,"Les premiers choix reprenaient le recto ; interroger le rôle du culot, sans le confondre avec fixation ni protection du robinet pendant le transport.",1,Maintenir le bloc dans le véhicule lors d’un freinage,Confondre stabilité du bloc posé et immobilisation pendant un freinage.,Le culot maintient le bloc debout ; il ne le fixe pas au véhicule.,ISOLATION/CREDIBILITY/LENGTH/WHY/SENSE : pass après nouvelle lecture ; une clé dans le contexte explicite,"Roth FC244 p.1, accessoires ; DAN Europe transport routier personnel (2015), sans seuil ADR repris",2026-10-09,QCM pertinent ; modèle historique conservé,bbe1616c4c9ffb9d8db530e36abfcf88d28f775729d3d156493ceac8860e497f
n2-gonflage-blocs-transport-001,P502,1,REVISE,"Les premiers choix reprenaient le recto ; interroger le rôle du culot, sans le confondre avec fixation ni protection du robinet pendant le transport.",2,Protéger le robinet contre une ouverture accidentelle,Attribuer à un accessoire de protection du bas de bouteille la protection du robinet.,Le culot se situe à la base et n’empêche pas une ouverture accidentelle de la robinetterie.,ISOLATION/CREDIBILITY/LENGTH/WHY/SENSE : pass après nouvelle lecture ; une clé dans le contexte explicite,"Roth FC244 p.1, accessoires ; DAN Europe transport routier personnel (2015), sans seuil ADR repris",2026-10-09,QCM pertinent ; modèle historique conservé,bbe1616c4c9ffb9d8db530e36abfcf88d28f775729d3d156493ceac8860e497f
n2-gonflage-blocs-date-depassee-001,P505,1,REVISE,"Remplacer dernière plongée/imprudence par opérations de contrôle proches, toutes présentées comme sérieuses.",1,Une inspection visuelle annuelle enregistrée par un TIV du club,Croire que la visite TIV annuelle renouvelle également la requalification.,Inspection et requalification sont des opérations distinctes ; une inspection ne remplace pas une requalification échue.,ISOLATION/CREDIBILITY/LENGTH/WHY/SENSE : pass après nouvelle lecture ; une clé dans le contexte explicite,"Arrêté 20-11-2017, art.18–23 ; Roth FC244 p.1",2026-10-09,QCM pertinent ; modèle historique conservé,f9d90d54801320900bfcc70e0efa0327293114171950498d26912353505b3202
n2-gonflage-blocs-date-depassee-001,P505,1,REVISE,"Remplacer dernière plongée/imprudence par opérations de contrôle proches, toutes présentées comme sérieuses.",2,Un contrôle d’étanchéité après gonflage à la pression de service,Assimiler tenue à la pression de service et contrôle réglementaire complet.,"Une requalification inclut documents, inspection, épreuve et accessoires ; le test proposé ne la remplace pas.",ISOLATION/CREDIBILITY/LENGTH/WHY/SENSE : pass après nouvelle lecture ; une clé dans le contexte explicite,"Arrêté 20-11-2017, art.18–23 ; Roth FC244 p.1",2026-10-09,QCM pertinent ; modèle historique conservé,f9d90d54801320900bfcc70e0efa0327293114171950498d26912353505b3202
n2-detendeurs-pressions-001,P508,1,ACCEPT,Schéma sans HP/MP révélées ; distingue deux étages et pression ambiante contre une valeur de surface fixe.,1,A réduit HP vers la pression ambiante ; B commande le débit sans nouvelle réduction,"Croire que la première détente suffit, puis confondre commande de débit et pression respirée.",Le flexible reste à MP et le second étage effectue la détente vers l’ambiante.,ISOLATION/CREDIBILITY/LENGTH/WHY/SENSE : pass après nouvelle lecture ; une clé dans le contexte explicite,"SCUBAPRO RevQ juillet 2025, p.6–10 (principes), 13–18 (usage/soins), 20 (dépannage) ; références de la carte",2026-10-09,QCM pertinent ; modèle historique conservé,88629e21b38f31660f82c9721c0452f6a447d6caa1d8759399f4e40696c8a719
n2-detendeurs-pressions-001,P508,1,ACCEPT,Schéma sans HP/MP révélées ; distingue deux étages et pression ambiante contre une valeur de surface fixe.,2,A réduit HP vers MP ; B réduit MP vers une pression fixe de 1 bar,Étendre la pression de surface à la pression respirée en profondeur.,"La pression respirée suit la pression ambiante, et non une valeur constante de 1 bar.",ISOLATION/CREDIBILITY/LENGTH/WHY/SENSE : pass après nouvelle lecture ; une clé dans le contexte explicite,"SCUBAPRO RevQ juillet 2025, p.6–10 (principes), 13–18 (usage/soins), 20 (dépannage) ; références de la carte",2026-10-09,QCM pertinent ; modèle historique conservé,88629e21b38f31660f82c9721c0452f6a447d6caa1d8759399f4e40696c8a719
n2-detendeurs-relative-absolue-001,P512,1,ACCEPT,Expression relative/absolue ; les deux erreurs appliquent une autre référence de pression.,1,"9,5 bar absolus, indépendamment de la profondeur",Lire une MP relative comme une valeur absolue.,"La valeur absolue ajoute l’ambiante à la surpression de 9,5 bar.",ISOLATION/CREDIBILITY/LENGTH/WHY/SENSE : pass après nouvelle lecture ; une clé dans le contexte explicite,"SCUBAPRO RevQ juillet 2025, p.6–10 (principes), 13–18 (usage/soins), 20 (dépannage) ; références de la carte",2026-10-09,QCM pertinent ; modèle historique conservé,c595cd92aec7bfba8027f15aa501ab0d4defe6eb31b57d5cd2ebce3fba33c01e
n2-detendeurs-relative-absolue-001,P512,1,ACCEPT,Expression relative/absolue ; les deux erreurs appliquent une autre référence de pression.,2,"Pression du bloc − 9,5 bar de surpression",Interpréter le réglage comme une chute fixe depuis la pression du bloc.,"9,5 bar est l’écart avec l’ambiante, pas avec la HP du bloc.",ISOLATION/CREDIBILITY/LENGTH/WHY/SENSE : pass après nouvelle lecture ; une clé dans le contexte explicite,"SCUBAPRO RevQ juillet 2025, p.6–10 (principes), 13–18 (usage/soins), 20 (dépannage) ; références de la carte",2026-10-09,QCM pertinent ; modèle historique conservé,c595cd92aec7bfba8027f15aa501ab0d4defe6eb31b57d5cd2ebce3fba33c01e
n2-detendeurs-fixations-001,P514,1,ACCEPT,Distinction de fixations : inversion DIN/étrier et confusion entre vis de serrage et filetage de sortie.,1,DIN : serrage autour du robinet ; étrier : vissage dans le robinet,Inverser les deux modes de raccordement DIN et étrier.,DIN se visse dans la sortie du robinet ; l’étrier serre autour.,ISOLATION/CREDIBILITY/LENGTH/WHY/SENSE : pass après nouvelle lecture ; une clé dans le contexte explicite,"SCUBAPRO RevQ juillet 2025, p.6–10 (principes), 13–18 (usage/soins), 20 (dépannage) ; références de la carte",2026-10-09,QCM pertinent ; modèle historique conservé,a1dc14137b6b10cd5a7fd51f4b58df6fef7e3f040596441a6a0a695bc0d411c9
n2-detendeurs-fixations-001,P514,1,ACCEPT,Distinction de fixations : inversion DIN/étrier et confusion entre vis de serrage et filetage de sortie.,2,DIN et étrier : vissage dans le robinet avec filetage différent,Généraliser le vissage du DIN à la vis de serrage de l’étrier.,La vis de l’étrier serre le montage ; elle ne se visse pas dans la sortie du robinet.,ISOLATION/CREDIBILITY/LENGTH/WHY/SENSE : pass après nouvelle lecture ; une clé dans le contexte explicite,"SCUBAPRO RevQ juillet 2025, p.6–10 (principes), 13–18 (usage/soins), 20 (dépannage) ; références de la carte",2026-10-09,QCM pertinent ; modèle historique conservé,a1dc14137b6b10cd5a7fd51f4b58df6fef7e3f040596441a6a0a695bc0d411c9
n2-detendeurs-membrane-piston-001,P515,1,REVISE,La première réécriture donnait la membrane dans le recto ; comparer architecture et étage de détente.,1,Le piston commande le premier étage ; la membrane sert au second étage seulement,Se souvenir de la membrane visible au second étage et l’y réserver.,Les premiers étages à membrane existent aussi.,ISOLATION/CREDIBILITY/LENGTH/WHY/SENSE : pass après nouvelle lecture ; une clé dans le contexte explicite,"SCUBAPRO RevQ juillet 2025, p.6–10 (principes), 13–18 (usage/soins), 20 (dépannage) ; références de la carte",2026-10-09,QCM pertinent ; modèle historique conservé,e555cde421a822cf9594ef2700326a5f8cc10c0615691713dc35cf2a06adaa8a
n2-detendeurs-membrane-piston-001,P515,1,REVISE,La première réécriture donnait la membrane dans le recto ; comparer architecture et étage de détente.,2,Le piston règle la pression respirée ; la membrane règle la pression intermédiaire,Attribuer une pression de sortie différente selon l’architecture du premier étage.,Piston et membrane au premier étage régulent tous deux la pression intermédiaire ; la pression respirée est fournie au second.,ISOLATION/CREDIBILITY/LENGTH/WHY/SENSE : pass après nouvelle lecture ; une clé dans le contexte explicite,"SCUBAPRO RevQ juillet 2025, p.6–10 (principes), 13–18 (usage/soins), 20 (dépannage) ; références de la carte",2026-10-09,QCM pertinent ; modèle historique conservé,e555cde421a822cf9594ef2700326a5f8cc10c0615691713dc35cf2a06adaa8a
n2-detendeurs-cycle-001,P519,1,ACCEPT,Séquence de régulation : inversion ouverture/fermeture et confusion entre évolution HP et équilibre MP.,1,La hausse de MP ouvre le passage HP → MP ; la baisse de MP le ferme,Inverser l’effet de la MP sur l’équilibre des forces.,La consommation fait baisser la MP et ouvre l’admission ; la remontée de MP ferme le passage.,ISOLATION/CREDIBILITY/LENGTH/WHY/SENSE : pass après nouvelle lecture ; une clé dans le contexte explicite,"SCUBAPRO RevQ juillet 2025, p.6–10 (principes), 13–18 (usage/soins), 20 (dépannage) ; références de la carte",2026-10-09,QCM pertinent ; modèle historique conservé,151ba717b7552e776e69032e1a3bf0a8511c79d31e9cf0915f8a303e6f4f60d1
n2-detendeurs-cycle-001,P519,1,ACCEPT,Séquence de régulation : inversion ouverture/fermeture et confusion entre évolution HP et équilibre MP.,2,La baisse de MP ouvre le passage HP → MP ; seule une baisse de HP le ferme,Prendre la baisse du stock HP pour le signal de fermeture du cycle.,"La fermeture résulte du rétablissement de la MP, sans attendre une baisse déterminante de HP.",ISOLATION/CREDIBILITY/LENGTH/WHY/SENSE : pass après nouvelle lecture ; une clé dans le contexte explicite,"SCUBAPRO RevQ juillet 2025, p.6–10 (principes), 13–18 (usage/soins), 20 (dépannage) ; références de la carte",2026-10-09,QCM pertinent ; modèle historique conservé,151ba717b7552e776e69032e1a3bf0a8511c79d31e9cf0915f8a303e6f4f60d1
n2-detendeurs-inspiration-001,P521,1,ACCEPT,Commande de respiration : dépression/surpression et confusion des étages ; même catégorie de mécanismes.,1,"Une légère surpression interne agit sur membrane, levier et clapet",Confondre surpression d’expiration et dépression d’inspiration.,L’inspiration abaisse légèrement la pression interne par rapport à l’ambiante.,ISOLATION/CREDIBILITY/LENGTH/WHY/SENSE : pass après nouvelle lecture ; une clé dans le contexte explicite,"SCUBAPRO RevQ juillet 2025, p.6–10 (principes), 13–18 (usage/soins), 20 (dépannage) ; références de la carte",2026-10-09,QCM pertinent ; modèle historique conservé,afdf0e00674ec52f284cef7a89f6848d3679b9facc520fb6445136521f4467ff
n2-detendeurs-inspiration-001,P521,1,ACCEPT,Commande de respiration : dépression/surpression et confusion des étages ; même catégorie de mécanismes.,2,La chute de haute pression du bloc agit directement sur le levier,Supprimer l’étage intermédiaire dans la transmission de commande.,"Le levier est commandé par la membrane du second étage, pas directement par une chute de HP dans le bloc.",ISOLATION/CREDIBILITY/LENGTH/WHY/SENSE : pass après nouvelle lecture ; une clé dans le contexte explicite,"SCUBAPRO RevQ juillet 2025, p.6–10 (principes), 13–18 (usage/soins), 20 (dépannage) ; références de la carte",2026-10-09,QCM pertinent ; modèle historique conservé,afdf0e00674ec52f284cef7a89f6848d3679b9facc520fb6445136521f4467ff
n2-detendeurs-purge-001,P523,1,ACCEPT,"Commande de purge : clapet d’admission, réglage MP et soupape d’expiration ; pas de leurre sans organe réel.",1,Il augmente le réglage de moyenne pression du premier étage,Croire que plus de débit à la purge nécessite un changement de réglage MP.,Le bouton commande l’admission du second étage ; il ne règle pas le premier.,ISOLATION/CREDIBILITY/LENGTH/WHY/SENSE : pass après nouvelle lecture ; une clé dans le contexte explicite,"SCUBAPRO RevQ juillet 2025, p.6–10 (principes), 13–18 (usage/soins), 20 (dépannage) ; références de la carte",2026-10-09,QCM pertinent ; modèle historique conservé,4fad32bab301e642a88975957d304ad2467c2259f36d022e1a89104eec278140
n2-detendeurs-purge-001,P523,1,ACCEPT,"Commande de purge : clapet d’admission, réglage MP et soupape d’expiration ; pas de leurre sans organe réel.",2,Il ouvre le clapet d’expiration pour aspirer le gaz du flexible,Confondre les deux clapets et leurs fonctions entrée/sortie.,La purge ouvre l’admission ; la soupape d’expiration évacue vers l’extérieur.,ISOLATION/CREDIBILITY/LENGTH/WHY/SENSE : pass après nouvelle lecture ; une clé dans le contexte explicite,"SCUBAPRO RevQ juillet 2025, p.6–10 (principes), 13–18 (usage/soins), 20 (dépannage) ; références de la carte",2026-10-09,QCM pertinent ; modèle historique conservé,4fad32bab301e642a88975957d304ad2467c2259f36d022e1a89104eec278140
n2-detendeurs-eau-second-etage-001,P524,1,REVISE,Inspirer l’eau était un leurre caricatural ; interroger le circuit qui rend l’expiration ou la purge efficace.,1,Par le flexible de moyenne pression vers le premier étage,Imaginer que l’eau est renvoyée vers le bloc lors de la purge.,Le flexible amène le gaz ; l’eau sort par la soupape d’expiration.,ISOLATION/CREDIBILITY/LENGTH/WHY/SENSE : pass après nouvelle lecture ; une clé dans le contexte explicite,"SCUBAPRO RevQ juillet 2025, p.6–10 (principes), 13–18 (usage/soins), 20 (dépannage) ; références de la carte",2026-10-09,QCM pertinent ; modèle historique conservé,58369dd9a81532ff9fa5ee5e037cafaa8024a966450e0b1b569a9d0a99bec362
n2-detendeurs-eau-second-etage-001,P524,1,REVISE,Inspirer l’eau était un leurre caricatural ; interroger le circuit qui rend l’expiration ou la purge efficace.,2,Par le clapet d’admission vers le flexible de moyenne pression,Inverser le sens du clapet d’admission quand le bouton est pressé.,"Le clapet laisse entrer le gaz du flexible, il ne refoule pas l’eau vers celui-ci.",ISOLATION/CREDIBILITY/LENGTH/WHY/SENSE : pass après nouvelle lecture ; une clé dans le contexte explicite,"SCUBAPRO RevQ juillet 2025, p.6–10 (principes), 13–18 (usage/soins), 20 (dépannage) ; références de la carte",2026-10-09,QCM pertinent ; modèle historique conservé,58369dd9a81532ff9fa5ee5e037cafaa8024a966450e0b1b569a9d0a99bec362
n2-detendeurs-rincage-001,P525,1,ACCEPT,Contexte constructeur indispensable ; choix de rinçage opposés au stockage et à la protection de l’entrée HP.,1,Entrée haute pression bouchonnée ; dispositif anti-marquage engagé,Reprendre le réglage anti-marquage demandé pour le stockage.,La notice demande de ne pas engager ce dispositif lors du rinçage.,ISOLATION/CREDIBILITY/LENGTH/WHY/SENSE : pass après nouvelle lecture ; une clé dans le contexte explicite,"SCUBAPRO RevQ juillet 2025, p.6–10 (principes), 13–18 (usage/soins), 20 (dépannage) ; références de la carte",2026-10-09,QCM pertinent ; modèle historique conservé,d12f078345547e2c60e2db0e65612d6b0b05a7af8c175ce047505f48ecb96cbc
n2-detendeurs-rincage-001,P525,1,ACCEPT,Contexte constructeur indispensable ; choix de rinçage opposés au stockage et à la protection de l’entrée HP.,2,Entrée haute pression ouverte ; dispositif anti-marquage non engagé,Laisser l’entrée ouverte pour que le rinçage nettoie ou ventile tout le circuit.,Le rinçage du détendeur démonté nécessite de protéger l’entrée HP contre l’eau.,ISOLATION/CREDIBILITY/LENGTH/WHY/SENSE : pass après nouvelle lecture ; une clé dans le contexte explicite,"SCUBAPRO RevQ juillet 2025, p.6–10 (principes), 13–18 (usage/soins), 20 (dépannage) ; références de la carte",2026-10-09,QCM pertinent ; modèle historique conservé,d12f078345547e2c60e2db0e65612d6b0b05a7af8c175ce047505f48ecb96cbc
n2-detendeurs-compensation-001,P526,2,ACCEPT,Compensation HP distinguée du suivi d’ambiante et de la pression absolue ; explication suffisante.,1,Maintenir une pression absolue identique à toutes les profondeurs,Confondre compensation de HP et maintien d’une pression absolue constante.,La MP suit l’ambiante ; la compensation réduit l’effet des variations de pression du bloc.,ISOLATION/CREDIBILITY/LENGTH/WHY/SENSE : pass après nouvelle lecture ; une clé dans le contexte explicite,"SCUBAPRO RevQ juillet 2025, p.6–10 (principes), 13–18 (usage/soins), 20 (dépannage) ; références de la carte",2026-10-09,QCM pertinent ; modèle historique conservé,798e1ef3e233a7322333976b54da8574bf779af00a1139dfc51227f293ef8639
n2-detendeurs-compensation-001,P526,2,ACCEPT,Compensation HP distinguée du suivi d’ambiante et de la pression absolue ; explication suffisante.,2,Limiter les variations de pression ambiante au second étage,Confondre compensation du premier étage et suppression des effets de profondeur.,Le détendeur ne supprime pas les variations de pression ambiante au second étage.,ISOLATION/CREDIBILITY/LENGTH/WHY/SENSE : pass après nouvelle lecture ; une clé dans le contexte explicite,"SCUBAPRO RevQ juillet 2025, p.6–10 (principes), 13–18 (usage/soins), 20 (dépannage) ; références de la carte",2026-10-09,QCM pertinent ; modèle historique conservé,798e1ef3e233a7322333976b54da8574bf779af00a1139dfc51227f293ef8639
n2-detendeurs-eau-froide-001,P532,2,REVISE,Bonne réponse seule détaillée face à deux architectures ; comparer le périmètre de la configuration certifiée.,1,Les conditions d’usage du premier étage pris séparément,Associer la résistance au froid au seul organe de détente initial.,La configuration certifiée comprend également le second étage et le flexible.,ISOLATION/CREDIBILITY/LENGTH/WHY/SENSE : pass après nouvelle lecture ; une clé dans le contexte explicite,"SCUBAPRO RevQ juillet 2025, p.6–10 (principes), 13–18 (usage/soins), 20 (dépannage) ; références de la carte",2026-10-09,QCM pertinent ; modèle historique conservé,ca115b83ec0486715168842a67f8776fb9dacce8017c6da00ca93dce49472fba
n2-detendeurs-eau-froide-001,P532,2,REVISE,Bonne réponse seule détaillée face à deux architectures ; comparer le périmètre de la configuration certifiée.,2,Les conditions d’usage du second étage pris séparément,Se limiter à l’organe respiratoire placé en bouche.,Le premier étage participe aussi au fonctionnement de l’ensemble en eau froide.,ISOLATION/CREDIBILITY/LENGTH/WHY/SENSE : pass après nouvelle lecture ; une clé dans le contexte explicite,"SCUBAPRO RevQ juillet 2025, p.6–10 (principes), 13–18 (usage/soins), 20 (dépannage) ; références de la carte",2026-10-09,QCM pertinent ; modèle historique conservé,ca115b83ec0486715168842a67f8776fb9dacce8017c6da00ca93dce49472fba
n2-detendeurs-soins-001,P537,2,REVISE,"La première réécriture opposait des risques hors sujet ; comparer trois configurations de stockage du détendeur sec, en gardant le contexte constructeur.",1,Entrée haute pression ouverte pour ventiler ; flexibles sans courbure forcée,Transposer une pratique de ventilation ou un ancien conseil de support au détendeur déjà sec.,La notice prévoit le bouchon de protection correctement placé pendant le stockage.,ISOLATION/CREDIBILITY/LENGTH/WHY/SENSE : pass après nouvelle lecture ; une clé dans le contexte explicite,"SCUBAPRO RevQ juillet 2025, p.6–10 (principes), 13–18 (usage/soins), 20 (dépannage) ; références de la carte",2026-10-09,QCM pertinent ; modèle historique conservé,bbe11c06004b3e5e5e2abc8e96cb616fbfb256b241363724f27aa0b02a79e401
n2-detendeurs-soins-001,P537,2,REVISE,"La première réécriture opposait des risques hors sujet ; comparer trois configurations de stockage du détendeur sec, en gardant le contexte constructeur.",2,Entrée haute pression protégée ; flexibles pliés serré pour limiter leurs mouvements,Chercher à immobiliser les raccords en repliant fermement les tuyaux.,Le rangement doit éviter courbures forcées et contraintes des flexibles.,ISOLATION/CREDIBILITY/LENGTH/WHY/SENSE : pass après nouvelle lecture ; une clé dans le contexte explicite,"SCUBAPRO RevQ juillet 2025, p.6–10 (principes), 13–18 (usage/soins), 20 (dépannage) ; références de la carte",2026-10-09,QCM pertinent ; modèle historique conservé,bbe11c06004b3e5e5e2abc8e96cb616fbfb256b241363724f27aa0b02a79e401
n2-detendeurs-revision-001,P539,2,REVISE,Un an était défendable sans périmètre d’usage ; préciser le cas courant et distinguer inspection/révision/remplacement.,1,Tous les ans,Généraliser la périodicité recommandée pour l’usage fréquent.,Le contexte exclut 100 plongées/an ou plus ; l’échéance demandée est deux ans.,ISOLATION/CREDIBILITY/LENGTH/WHY/SENSE : pass après nouvelle lecture ; une clé dans le contexte explicite,"SCUBAPRO RevQ juillet 2025, p.17–18, entretien",2026-10-09,QCM pertinent ; modèle historique conservé,b747f7e489513d1fc76e5b176be6e013adfffdd398d8691d5f4544123d7c7de0
n2-detendeurs-revision-001,P539,2,REVISE,Un an était défendable sans périmètre d’usage ; préciser le cas courant et distinguer inspection/révision/remplacement.,2,Tous les 5 ans,Confondre le critère de remplacement des flexibles avec la révision.,Les cinq ans ne sont pas la périodicité de révision du détendeur.,ISOLATION/CREDIBILITY/LENGTH/WHY/SENSE : pass après nouvelle lecture ; une clé dans le contexte explicite,"SCUBAPRO RevQ juillet 2025, p.17–18, entretien",2026-10-09,QCM pertinent ; modèle historique conservé,b747f7e489513d1fc76e5b176be6e013adfffdd398d8691d5f4544123d7c7de0
n2-detendeurs-debit-continu-001,P540,2,REVISE,Le recto disait déjà pourquoi le symptôme n’était pas spécifique ; tester un autre mécanisme réel sans diagnostiquer tout débit continu.,1,L’ouverture de la soupape d’expiration du second étage,Attribuer le débit observé à un organe voisin de sortie du gaz.,La soupape d’expiration n’entretient pas l’ouverture du clapet d’admission.,ISOLATION/CREDIBILITY/LENGTH/WHY/SENSE : pass après nouvelle lecture ; une clé dans le contexte explicite,"SCUBAPRO RevQ juillet 2025, p.6–10 (principes), 13–18 (usage/soins), 20 (dépannage) ; références de la carte",2026-10-09,QCM pertinent ; modèle historique conservé,f8b4070c194c2364facb17e18335ba1bb6062c82dd42e934caff1f9c81068845
n2-detendeurs-debit-continu-001,P540,2,REVISE,Le recto disait déjà pourquoi le symptôme n’était pas spécifique ; tester un autre mécanisme réel sans diagnostiquer tout débit continu.,2,La compensation de haute pression du premier étage,Confondre compensation de HP et effet d’écoulement dans la chambre du second étage.,La compensation régule l’influence de HP ; le mécanisme décrit est Venturi.,ISOLATION/CREDIBILITY/LENGTH/WHY/SENSE : pass après nouvelle lecture ; une clé dans le contexte explicite,"SCUBAPRO RevQ juillet 2025, p.6–10 (principes), 13–18 (usage/soins), 20 (dépannage) ; références de la carte",2026-10-09,QCM pertinent ; modèle historique conservé,f8b4070c194c2364facb17e18335ba1bb6062c82dd42e934caff1f9c81068845
n2-detendeurs-fuite-montage-001,P541,2,REVISE,La guérison d’une fuite en mettant l’embout en bouche était fantaisiste ; opposer des composants réels selon la localisation.,1,Une soupape d’expiration du second étage endommagée,Choisir un organe d’étanchéité réel sans localiser la fuite.,"La soupape se situe au second étage, pas à la jonction robinet/premier étage.",ISOLATION/CREDIBILITY/LENGTH/WHY/SENSE : pass après nouvelle lecture ; une clé dans le contexte explicite,"SCUBAPRO RevQ juillet 2025, p.6–10 (principes), 13–18 (usage/soins), 20 (dépannage) ; références de la carte",2026-10-09,QCM pertinent ; modèle historique conservé,5aa805cab65ec9f408fa74da93ce77ee5b9f142e2992e53d124eb687e6067f84
n2-detendeurs-fuite-montage-001,P541,2,REVISE,La guérison d’une fuite en mettant l’embout en bouche était fantaisiste ; opposer des composants réels selon la localisation.,2,Une membrane de commande du second étage endommagée,"Choisir une autre pièce souple susceptible d’un défaut, sans suivre le circuit.",Une membrane de second étage défectueuse n’explique pas les bulles localisées au raccord du bloc.,ISOLATION/CREDIBILITY/LENGTH/WHY/SENSE : pass après nouvelle lecture ; une clé dans le contexte explicite,"SCUBAPRO RevQ juillet 2025, p.6–10 (principes), 13–18 (usage/soins), 20 (dépannage) ; références de la carte",2026-10-09,QCM pertinent ; modèle historique conservé,5aa805cab65ec9f408fa74da93ce77ee5b9f142e2992e53d124eb687e6067f84
n2-detendeurs-inspiration-difficile-001,P542,2,REVISE,S’immerger pour réparer le défaut était une imprudence ; comparer trois vrais contrôles en précisant celui recherché.,1,"Lire une pression stable sur le manomètre, sans respirer",Prendre la présence de pression statique pour un test de fourniture en respiration.,La lecture sans respiration ne teste pas le cycle à la demande.,ISOLATION/CREDIBILITY/LENGTH/WHY/SENSE : pass après nouvelle lecture ; une clé dans le contexte explicite,"SCUBAPRO RevQ juillet 2025, p.6–10 (principes), 13–18 (usage/soins), 20 (dépannage) ; références de la carte",2026-10-09,QCM pertinent ; modèle historique conservé,6de634218fd5f2cd24e76a96de32eca5220d87353127d22a7a71af14b381a224
n2-detendeurs-inspiration-difficile-001,P542,2,REVISE,S’immerger pour réparer le défaut était une imprudence ; comparer trois vrais contrôles en précisant celui recherché.,2,"Obtenir un débit en appuyant sur la purge, sans respirer",Prendre l’ouverture mécanique à la purge pour un test du déclenchement par inspiration.,La purge ne teste pas seule une inspiration et une expiration normales.,ISOLATION/CREDIBILITY/LENGTH/WHY/SENSE : pass après nouvelle lecture ; une clé dans le contexte explicite,"SCUBAPRO RevQ juillet 2025, p.6–10 (principes), 13–18 (usage/soins), 20 (dépannage) ; références de la carte",2026-10-09,QCM pertinent ; modèle historique conservé,6de634218fd5f2cd24e76a96de32eca5220d87353127d22a7a71af14b381a224
n2-detendeurs-incident-immersion-001,P543,2,REVISE,"Trois conduites dont seule la clé terminait la plongée restaient faciles ; interroger pourquoi le changement d’embout ne stoppe pas la perte du même stock, et garder la priorité de sortie au corrigé.",1,Chaque sortie moyenne pression dispose d’un stock de gaz isolé dans le premier étage,Assimiler des sorties MP distinctes à des réserves séparées par le premier étage.,Le premier étage distribue le gaz du même bloc ; ses sorties ne créent pas de stocks indépendants.,ISOLATION/CREDIBILITY/LENGTH/WHY/SENSE : pass après nouvelle lecture ; une clé dans le contexte explicite,"SCUBAPRO RevQ juillet 2025, p.6–10 (principes), 13–18 (usage/soins), 20 (dépannage) ; références de la carte",2026-10-09,QCM pertinent ; modèle historique conservé,e87e3d1a11eb7713006a8b8120474fc94b31000b5e1d90e3e73c0cc7c2bd9727
n2-detendeurs-incident-immersion-001,P543,2,REVISE,"Trois conduites dont seule la clé terminait la plongée restaient faciles ; interroger pourquoi le changement d’embout ne stoppe pas la perte du même stock, et garder la priorité de sortie au corrigé.",2,Le passage sur l’octopus ferme automatiquement l’alimentation du second étage principal,Confondre un embout de secours avec un dispositif qui isole automatiquement la fuite.,Respirer sur un autre second étage ne ferme pas automatiquement le passage alimentant le détendeur qui fuit.,ISOLATION/CREDIBILITY/LENGTH/WHY/SENSE : pass après nouvelle lecture ; une clé dans le contexte explicite,"SCUBAPRO RevQ juillet 2025, p.6–10 (principes), 13–18 (usage/soins), 20 (dépannage) ; références de la carte",2026-10-09,QCM pertinent ; modèle historique conservé,e87e3d1a11eb7713006a8b8120474fc94b31000b5e1d90e3e73c0cc7c2bd9727
n2-detendeurs-bouche-001,P545,2,REVISE,Supprimer oui/non et paire dont la clé est plus longue ; choix homogènes pression ambiante/relative/intermédiaire absolue.,1,"9,5 bar",Donner la valeur relative de MP comme pression respirée.,"9,5 bar est une surpression du flexible ; la bouche est proche de 3 bar absolus.",ISOLATION/CREDIBILITY/LENGTH/WHY/SENSE : pass après nouvelle lecture ; une clé dans le contexte explicite,"SCUBAPRO RevQ juillet 2025, p.6–10 (principes), 13–18 (usage/soins), 20 (dépannage) ; références de la carte",2026-10-09,QCM pertinent ; modèle historique conservé,6a1ecc8822ec0c4c63bd46c35a1bad58f6884f84be629c654243caabcf3b2cc0
n2-detendeurs-bouche-001,P545,2,REVISE,Supprimer oui/non et paire dont la clé est plus longue ; choix homogènes pression ambiante/relative/intermédiaire absolue.,2,"12,5 bar","Oublier la détente du second étage : 3 + 9,5 = 12,5.","12,5 bar absolus est la pression intermédiaire du flexible, pas celle de la bouche.",ISOLATION/CREDIBILITY/LENGTH/WHY/SENSE : pass après nouvelle lecture ; une clé dans le contexte explicite,"SCUBAPRO RevQ juillet 2025, p.6–10 (principes), 13–18 (usage/soins), 20 (dépannage) ; références de la carte",2026-10-09,QCM pertinent ; modèle historique conservé,6a1ecc8822ec0c4c63bd46c35a1bad58f6884f84be629c654243caabcf3b2cc0
n2-detendeurs-mp-vingt-001,P627,2,ACCEPT,Calcul direct aux hypothèses explicites ; erreurs de référence de pression résolues séparément.,1,9 bar absolus,Omettre l’ambiante et lire la surpression comme pression absolue : 9.,MP absolue = 9 + 3 = 12 bar.,ISOLATION/CREDIBILITY/LENGTH/WHY/SENSE : pass après nouvelle lecture ; une clé dans le contexte explicite,"SCUBAPRO RevQ juillet 2025, p.6–10 (principes), 13–18 (usage/soins), 20 (dépannage) ; références de la carte",2026-10-09,QCM pertinent ; modèle historique conservé,dc9dd762709f2921c30368155c66816a42c6a9f2cc76bff020db700f9fe7cefd
n2-detendeurs-mp-vingt-001,P627,2,ACCEPT,Calcul direct aux hypothèses explicites ; erreurs de référence de pression résolues séparément.,2,11 bar absolus,Oublier le bar de surface : 9 + 20/10 = 11.,"À 20 m l’ambiante est 3 bar, pas 2.",ISOLATION/CREDIBILITY/LENGTH/WHY/SENSE : pass après nouvelle lecture ; une clé dans le contexte explicite,"SCUBAPRO RevQ juillet 2025, p.6–10 (principes), 13–18 (usage/soins), 20 (dépannage) ; références de la carte",2026-10-09,QCM pertinent ; modèle historique conservé,dc9dd762709f2921c30368155c66816a42c6a9f2cc76bff020db700f9fe7cefd
n2-detendeurs-mp-quarante-001,P627,2,ACCEPT,Calcul inverse aux hypothèses explicites ; oubli du bar de surface et valeur absolue non convertie.,1,10 bar au-dessus de l’ambiante,Oublier le bar de surface : 14 − 40/10 = 10.,La pression ambiante à 40 m est 5 bar ; 14 − 5 = 9.,ISOLATION/CREDIBILITY/LENGTH/WHY/SENSE : pass après nouvelle lecture ; une clé dans le contexte explicite,"SCUBAPRO RevQ juillet 2025, p.6–10 (principes), 13–18 (usage/soins), 20 (dépannage) ; références de la carte",2026-10-09,QCM pertinent ; modèle historique conservé,ee04a199214bc974d2ca9d82e99b34a0fffb02c374665cfe7e6275bd6ab79eb7
n2-detendeurs-mp-quarante-001,P627,2,ACCEPT,Calcul inverse aux hypothèses explicites ; oubli du bar de surface et valeur absolue non convertie.,2,14 bar au-dessus de l’ambiante,Ne pas soustraire l’ambiante et conserver la valeur absolue de 14.,"La question demande l’écart relatif MP−ambiante, pas MP absolue.",ISOLATION/CREDIBILITY/LENGTH/WHY/SENSE : pass après nouvelle lecture ; une clé dans le contexte explicite,"SCUBAPRO RevQ juillet 2025, p.6–10 (principes), 13–18 (usage/soins), 20 (dépannage) ; références de la carte",2026-10-09,QCM pertinent ; modèle historique conservé,ee04a199214bc974d2ca9d82e99b34a0fffb02c374665cfe7e6275bd6ab79eb7
n2-competences-transversales-communication-001,P555,2,REVISE,"Remplacer codes personnels et obligations figées par des paires de paramètres plausibles, au même contexte de palier.",1,Des signes distinguant pression du bloc et réserve de gaz,Choisir une convention importante de suivi de gaz au palier.,Elle ne distingue pas mètres et minutes d’une obligation de décompression.,ISOLATION/CREDIBILITY/LENGTH/WHY/SENSE : pass après nouvelle lecture ; une clé dans le contexte explicite,"MFT N2 mai 2026, p.12–13 et 15–20 ; références de la carte",2026-10-09,QCM pertinent ; modèle historique conservé,269d833bb5d4d38c40aee5e2f5e37a0d38c7cc316cf44ef83484fc482617aa9d
n2-competences-transversales-communication-001,P555,2,REVISE,"Remplacer codes personnels et obligations figées par des paires de paramètres plausibles, au même contexte de palier.",2,Des signes distinguant profondeur maximale et temps de fond,"Choisir les deux paramètres classiques profondeur/temps, mais ceux du profil passé.","Il faut annoncer la profondeur d’arrêt et la durée restante, pas le maximum et le temps de fond.",ISOLATION/CREDIBILITY/LENGTH/WHY/SENSE : pass après nouvelle lecture ; une clé dans le contexte explicite,"MFT N2 mai 2026, p.12–13 et 15–20 ; références de la carte",2026-10-09,QCM pertinent ; modèle historique conservé,269d833bb5d4d38c40aee5e2f5e37a0d38c7cc316cf44ef83484fc482617aa9d
n2-competences-transversales-retour-001,P561,2,REVISE,Préciser le besoin de retour complet face à l’économie apparente d’une sortie plus proche.,1,"Le gaz du trajet horizontal, en conservant les seuls arrêts facultatifs",Ne budgéter que le déplacement horizontal et assimiler sécurité à toute décompression.,"Le retour complet comprend remontée et paliers requis, qui ne sont pas tous facultatifs.",ISOLATION/CREDIBILITY/LENGTH/WHY/SENSE : pass après nouvelle lecture ; une clé dans le contexte explicite,"MFT N2 mai 2026, p.12–13 et 15–20 ; références de la carte",2026-10-09,QCM pertinent ; modèle historique conservé,4a122c04561c375b9aff2d9da9e44d774d94b7f194f8e3adc789b7f00b520a9c
n2-competences-transversales-retour-001,P561,2,REVISE,Préciser le besoin de retour complet face à l’économie apparente d’une sortie plus proche.,2,Le gaz correspondant à la différence de distance mesurée à vol d’oiseau,Assimiler la proximité géométrique à une économie de gaz directement proportionnelle.,"Il faut le trajet réel avec ses profondeurs et conditions, pas seulement la différence à vol d’oiseau.",ISOLATION/CREDIBILITY/LENGTH/WHY/SENSE : pass après nouvelle lecture ; une clé dans le contexte explicite,"MFT N2 mai 2026, p.12–13 et 15–20 ; références de la carte",2026-10-09,QCM pertinent ; modèle historique conservé,4a122c04561c375b9aff2d9da9e44d774d94b7f194f8e3adc789b7f00b520a9c
n2-competences-transversales-reperes-001,P562,2,REVISE,"Retirer garantie de retour malgré courant ; distinguer ligne au fond, cap magnétique et vitesse dans l’eau.",1,Le maintien d’un cap magnétique mesuré par rapport au nord,Assimiler alignement visuel et valeur de cap magnétique.,Les repères donnent une ligne relative au fond ; le compas donne le cap magnétique.,ISOLATION/CREDIBILITY/LENGTH/WHY/SENSE : pass après nouvelle lecture ; une clé dans le contexte explicite,"Suunto SK-series UG multilingue, p.11–13, navigation par repères",2026-10-09,QCM pertinent ; modèle historique conservé,5ef8d3c212641d2f85034ef02d056bec7951107d21b2d94637862931ae7c535f
n2-competences-transversales-reperes-001,P562,2,REVISE,"Retirer garantie de retour malgré courant ; distinguer ligne au fond, cap magnétique et vitesse dans l’eau.",2,Le maintien d’une vitesse de déplacement par rapport à l’eau,Confondre constance d’une direction et constance d’une vitesse.,L’alignement ne mesure pas une vitesse par rapport à l’eau.,ISOLATION/CREDIBILITY/LENGTH/WHY/SENSE : pass après nouvelle lecture ; une clé dans le contexte explicite,"Suunto SK-series UG multilingue, p.11–13, navigation par repères",2026-10-09,QCM pertinent ; modèle historique conservé,5ef8d3c212641d2f85034ef02d056bec7951107d21b2d94637862931ae7c535f
n2-competences-transversales-cap-retour-001,P563,2,ACCEPT,Cap réciproque direct ; erreurs 180−cap et 360−cap identifiées.,1,110°,Soustraire le cap à 180 : 180 − 70 = 110.,Le réciproque vaut 70 + 180 = 250.,ISOLATION/CREDIBILITY/LENGTH/WHY/SENSE : pass après nouvelle lecture ; une clé dans le contexte explicite,Suunto SK-8 ; calcul géométrique indépendant,2026-10-09,QCM pertinent ; modèle historique conservé,6c08b1c091162447220ec95a0871b5d1980b25806364d92aa84be3c861d3578d
n2-competences-transversales-cap-retour-001,P563,2,ACCEPT,Cap réciproque direct ; erreurs 180−cap et 360−cap identifiées.,2,290°,Réfléchir le cap autour de 0 : 360 − 70 = 290.,Une réflexion n’est pas la rotation de 180° demandée pour revenir.,ISOLATION/CREDIBILITY/LENGTH/WHY/SENSE : pass après nouvelle lecture ; une clé dans le contexte explicite,Suunto SK-8 ; calcul géométrique indépendant,2026-10-09,QCM pertinent ; modèle historique conservé,6c08b1c091162447220ec95a0871b5d1980b25806364d92aa84be3c861d3578d
n2-competences-transversales-cap-retour-ouest-001,P563,2,ACCEPT,Cap réciproque avec passage 360° ; erreurs demi-tour pris pour cap et doublement du cap.,1,180°,Prendre le demi-tour de 180° pour le cap lui-même.,"Il faut appliquer le demi-tour au cap 300, soit 120 après normalisation.",ISOLATION/CREDIBILITY/LENGTH/WHY/SENSE : pass après nouvelle lecture ; une clé dans le contexte explicite,Suunto SK-8 ; calcul géométrique indépendant,2026-10-09,QCM pertinent ; modèle historique conservé,13aacdcf0239608e5c532a12e8dc0e5dced9fc8b6f1663b4b0d185223be13ac6
n2-competences-transversales-cap-retour-ouest-001,P563,2,ACCEPT,Cap réciproque avec passage 360° ; erreurs demi-tour pris pour cap et doublement du cap.,2,240°,"Doubler le cap : 2 × 300 = 600, puis 600 − 360 = 240.",Le retour ajoute 180° ; il ne double pas l’angle du cap.,ISOLATION/CREDIBILITY/LENGTH/WHY/SENSE : pass après nouvelle lecture ; une clé dans le contexte explicite,Suunto SK-8 ; calcul géométrique indépendant,2026-10-09,QCM pertinent ; modèle historique conservé,13aacdcf0239608e5c532a12e8dc0e5dced9fc8b6f1663b4b0d185223be13ac6
n2-competences-transversales-separation-001,P564,2,REVISE,Retirer poursuite solitaire et rendez-vous sous l’eau potentiellement défendable ; distinguer le contenu de la procédure de séparation des autres paramètres utiles au briefing.,1,"Profondeur maximale, durée au fond et pression de départ","Retenir le triplet du profil de plongée, également traité au briefing.","Il ne définit pas durée de recherche, remontée et rendez-vous en cas de séparation.",ISOLATION/CREDIBILITY/LENGTH/WHY/SENSE : pass après nouvelle lecture ; une clé dans le contexte explicite,"MFT N2 mai 2026 ; BSAC Going diving, Separation",2026-10-09,QCM pertinent ; modèle historique conservé,7b9ba020ff8897944b31e22ad9f7d05bfeb5bb7cdf0db664760874bfbab6f7f4
n2-competences-transversales-separation-001,P564,2,REVISE,Retirer poursuite solitaire et rendez-vous sous l’eau potentiellement défendable ; distinguer le contenu de la procédure de séparation des autres paramètres utiles au briefing.,2,"Cap d’exploration, distance parcourue et vitesse de palmage",Retenir des données utiles pour retrouver une route.,L’orientation ne définit pas à elle seule la procédure commune jusqu’aux retrouvailles et à l’alerte.,ISOLATION/CREDIBILITY/LENGTH/WHY/SENSE : pass après nouvelle lecture ; une clé dans le contexte explicite,"MFT N2 mai 2026 ; BSAC Going diving, Separation",2026-10-09,QCM pertinent ; modèle historique conservé,7b9ba020ff8897944b31e22ad9f7d05bfeb5bb7cdf0db664760874bfbab6f7f4
n2-competences-transversales-renoncer-001,P569,2,REVISE,La gêne respiratoire rendait la seule action prudente évidente ; distinguer autorisation du profil et décision individuelle.,1,"Le DP seul, puisqu’il a déjà autorisé le profil",Confondre autorisation du profil et connaissance exclusive de l’état individuel.,L’autorisation du DP n’empêche pas le plongeur d’évaluer son état et de renoncer.,ISOLATION/CREDIBILITY/LENGTH/WHY/SENSE : pass après nouvelle lecture ; une clé dans le contexte explicite,"MFT N2 mai 2026, p.12–13 et 15–20 ; références de la carte",2026-10-09,QCM pertinent ; modèle historique conservé,c13b336b6c38bfdc58ffdc38f8cc2d65756f57c1be2fabdb4c8046d00bf1da09
n2-competences-transversales-renoncer-001,P569,2,REVISE,La gêne respiratoire rendait la seule action prudente évidente ; distinguer autorisation du profil et décision individuelle.,2,"L’équipier le plus expérimenté, puisqu’il assure la cohésion",Attribuer à l’équipier responsable de cohésion la décision sur l’état d’autrui.,Le plongeur conserve sa possibilité de refuser l’immersion ; l’expérience de l’équipier ne la remplace pas.,ISOLATION/CREDIBILITY/LENGTH/WHY/SENSE : pass après nouvelle lecture ; une clé dans le contexte explicite,"MFT N2 mai 2026, p.12–13 et 15–20 ; références de la carte",2026-10-09,QCM pertinent ; modèle historique conservé,c13b336b6c38bfdc58ffdc38f8cc2d65756f57c1be2fabdb4c8046d00bf1da09
n2-competences-transversales-paliers-profonds-air-001,P639,2,REVISE,Leurres remplacement des paliers/imposition quel que soit profil trop évidents ; distinguer catégories d’arrêts étudiées.,1,Un palier obligatoire peu profond indiqué par l’ordinateur ou les tables,Assimiler absence de paliers profonds et suppression des paliers obligatoires.,Les obligations calculées par les moyens de décompression restent à respecter.,ISOLATION/CREDIBILITY/LENGTH/WHY/SENSE : pass après nouvelle lecture ; une clé dans le contexte explicite,"MFT N2 mai 2026 p.19–20 ; MFT GP-N4 mai 2026 p.25, arrêt ajouté vs rattrapage",2026-10-09,QCM pertinent ; modèle historique conservé,d946cbfe1c0ddfc6dbac4081146b6d211fe7899b509e25267d0e6eeeb9bd94a8
n2-competences-transversales-paliers-profonds-air-001,P639,2,REVISE,Leurres remplacement des paliers/imposition quel que soit profil trop évidents ; distinguer catégories d’arrêts étudiées.,2,Un arrêt prévu par une procédure de rattrapage après un incident,Assimiler un arrêt de rattrapage à un palier profond ajouté pour conservatisme.,Une procédure après incident a un contexte distinct de la planification sans paliers profonds supplémentaires.,ISOLATION/CREDIBILITY/LENGTH/WHY/SENSE : pass après nouvelle lecture ; une clé dans le contexte explicite,"MFT N2 mai 2026 p.19–20 ; MFT GP-N4 mai 2026 p.25, arrêt ajouté vs rattrapage",2026-10-09,QCM pertinent ; modèle historique conservé,d946cbfe1c0ddfc6dbac4081146b6d211fe7899b509e25267d0e6eeeb9bd94a8
n2-lecture-pannes-eau-bouche-001,P573,2,REVISE,Clé seule prudente plusieurs causes ; comparer des familles d’étanchéité localisées dans le circuit.,1,Joint du raccord au bloc ou siège haute pression défectueux,"Choisir de vraies pièces d’étanchéité, mais au premier étage.",Elles ne bordent pas la chambre du second étage où l’eau entre ici.,ISOLATION/CREDIBILITY/LENGTH/WHY/SENSE : pass après nouvelle lecture ; une clé dans le contexte explicite,"SCUBAPRO RevQ juillet 2025, p.6–10 (principes), 13–18 (usage/soins), 20 (dépannage) ; références de la carte",2026-10-09,QCM pertinent ; modèle historique conservé,96feb3fc0b6c8f460d5a65c09170f75916c9b7a7396fc64326526ae2b1e58784
n2-lecture-pannes-eau-bouche-001,P573,2,REVISE,Clé seule prudente plusieurs causes ; comparer des familles d’étanchéité localisées dans le circuit.,2,Joint du manomètre ou raccord de son flexible défectueux,Choisir de vraies pièces d’étanchéité du circuit HP de mesure.,Le manomètre et son raccord ne bordent pas la chambre respiratoire du second étage.,ISOLATION/CREDIBILITY/LENGTH/WHY/SENSE : pass après nouvelle lecture ; une clé dans le contexte explicite,"SCUBAPRO RevQ juillet 2025, p.6–10 (principes), 13–18 (usage/soins), 20 (dépannage) ; références de la carte",2026-10-09,QCM pertinent ; modèle historique conservé,96feb3fc0b6c8f460d5a65c09170f75916c9b7a7396fc64326526ae2b1e58784
n2-lecture-pannes-chambre-humide-001,P578,2,REVISE,Retirer clé seule prudente et deux purges normales répétées ; localiser la frontière d’étanchéité en cause.,1,La chambre humide et l’eau environnante,Prendre l’eau présente dans la chambre pour un défaut d’étanchéité externe.,Cette chambre est normalement ouverte à l’eau ; les bulles impliquent du gaz venant du circuit.,ISOLATION/CREDIBILITY/LENGTH/WHY/SENSE : pass après nouvelle lecture ; une clé dans le contexte explicite,"SCUBAPRO RevQ juillet 2025, p.6–10 (principes), 13–18 (usage/soins), 20 (dépannage) ; références de la carte",2026-10-09,QCM pertinent ; modèle historique conservé,6b5f434455cb95908c95e1600b54ba975530d3428a606b0f739c9a11cf218037
n2-lecture-pannes-chambre-humide-001,P578,2,REVISE,Retirer clé seule prudente et deux purges normales répétées ; localiser la frontière d’étanchéité en cause.,2,Le flexible haute pression et le manomètre,Choisir une fuite HP réelle mais localisée à un autre endroit.,"La localisation donnée est la chambre humide du premier étage, pas le manomètre.",ISOLATION/CREDIBILITY/LENGTH/WHY/SENSE : pass après nouvelle lecture ; une clé dans le contexte explicite,"SCUBAPRO RevQ juillet 2025, p.6–10 (principes), 13–18 (usage/soins), 20 (dépannage) ; références de la carte",2026-10-09,QCM pertinent ; modèle historique conservé,6b5f434455cb95908c95e1600b54ba975530d3428a606b0f739c9a11cf218037
n2-lecture-pannes-flexible-001,P580,2,REVISE,"Le risque hausse MP était hors effet mécanique ; distinguer étanchéité présente et résistance future, sans scénario de réparation improvisée.",1,Elle prouve sa résistance mais pas le réglage de moyenne pression,Assimiler l’étanchéité actuelle à la tenue mécanique et déplacer le doute vers la MP.,Le renflement est un défaut du flexible ; l’absence de fuite ne valide pas sa structure.,ISOLATION/CREDIBILITY/LENGTH/WHY/SENSE : pass après nouvelle lecture ; une clé dans le contexte explicite,"SCUBAPRO RevQ juillet 2025, p.6–10 (principes), 13–18 (usage/soins), 20 (dépannage) ; références de la carte",2026-10-09,QCM pertinent ; modèle historique conservé,cfd0c9b823f5f92ba60f5bde08a0d7cf42061eeefee9b80f7101d731abd13f81
n2-lecture-pannes-flexible-001,P580,2,REVISE,"Le risque hausse MP était hors effet mécanique ; distinguer étanchéité présente et résistance future, sans scénario de réparation improvisée.",2,Elle prouve sa résistance mais pas l’étanchéité du second étage,Assimiler l’étanchéité du tuyau à la tenue mécanique et déplacer le doute vers le second étage.,"Le défaut visible du flexible impose son remplacement avant usage, indépendamment du second étage.",ISOLATION/CREDIBILITY/LENGTH/WHY/SENSE : pass après nouvelle lecture ; une clé dans le contexte explicite,"SCUBAPRO RevQ juillet 2025, p.6–10 (principes), 13–18 (usage/soins), 20 (dépannage) ; références de la carte",2026-10-09,QCM pertinent ; modèle historique conservé,cfd0c9b823f5f92ba60f5bde08a0d7cf42061eeefee9b80f7101d731abd13f81
