id,fichier,question,bonne_reponse,leurre_1,leurre_2
n2-prerogatives-mineur-information-001,cards/n2/01-prerogatives.yaml,Une palanquée PA20 FFESSM autorisée accueille un plongeur de 16 ans. Qui doit être informé de la présence d’un mineur ?,Les membres de la palanquée,Les membres des autres palanquées du même créneau,Le responsable légal du mineur uniquement
n2-documents-zones-reglementees-001,cards/n2/03-documents-environnement.yaml,"Pour savoir si une plongée est autorisée dans une zone marine protégée, quelle réglementation faut-il vérifier ?",Les règles de plongée propres à cette zone protégée,Les seules prérogatives de profondeur du Code du sport,Les seules conditions générales du brevet détenu
n2-documents-prelevements-observation-001,cards/n2/03-documents-environnement.yaml,"Lors d’une plongée d’observation, quelle conduite adopter envers les organismes et les objets naturels, même s’ils semblent sans valeur ?","Les laisser à leur place, sans prélèvement ni déplacement",Prélever seulement les éléments morts ou détachés,Déplacer seulement les organismes gênant le parcours
n2-documents-distance-navires-locale-001,cards/n2/03-documents-environnement.yaml,"Avant une plongée sur un site côtier français, dans quels textes vérifier les distances d’approche et limitations de vitesse imposées aux navires autour des plongeurs signalés ?",Les arrêtés et règles maritimes applicables localement,Le règlement fédéral des certifications de plongeurs,Les annexes du Code du sport sur les aptitudes des plongeurs
n2-documents-suivi-bloc-001,cards/n2/03-documents-environnement.yaml,Une inspection visuelle à jour suffit-elle à remplacer la requalification d’un bloc de plongée arrivée à échéance ?,Non : l’inspection ne reporte pas la requalification exigible,Oui : elle reporte l’échéance jusqu’à l’inspection suivante,Oui : elle remplace la requalification si le bloc reste étanche
n2-documents-federation-role-001,cards/n2/03-documents-environnement.yaml,"Dans le réseau FFESSM, qui définit le cursus fédéral et qui organise localement les formations et les plongées ?",FFESSM : cursus ; clubs et SCA : activités locales,Clubs et SCA : cursus ; FFESSM : activités locales,CMAS : cursus fédéral français ; FFESSM : activités locales
n2-documents-cmas-role-001,cards/n2/03-documents-environnement.yaml,Quel rôle la CMAS joue-t-elle dans les certifications internationales de plongée ?,Définir des standards internationaux de formation,Fixer les prérogatives légales de profondeur en France,Délivrer les autorisations locales des sites protégés
n2-pression-force-surface-001,cards/n2/04-pression.yaml,Une force perpendiculaire F est répartie uniformément sur une surface S. Quelle relation donne la pression moyenne P ?,P = F / S,P = F × S,P = S / F
n2-pression-unites-001,cards/n2/04-pression.yaml,"Sur des instruments de plongée ou de météo, que mesurent les graduations bar, psi, hPa et mmHg ?",Des pressions dans différentes unités,Des masses volumiques dans différentes unités,Des forces dans différentes unités
n2-pression-atmosphere-origine-001,cards/n2/04-pression.yaml,"Pourquoi subit-on une pression atmosphérique à la surface, même lorsqu’il n’y a pas de vent ?",Le poids de la colonne d’air située au-dessus,La vitesse de déplacement des masses d’air,La vapeur d’eau présente dans l’air uniquement
n2-pression-meteo-001,cards/n2/04-pression.yaml,"Au même endroit et à la même altitude, le passage d’un système dépressionnaire à un système anticyclonique fait-il varier la pression atmosphérique ? Dans quel sens ?","Oui, elle augmente","Oui, elle diminue","Non, elle reste constante à altitude identique"
n2-pression-hydrostatique-001,cards/n2/04-pression.yaml,"Dans une eau au repos, que représente la pression hydrostatique ajoutée à la pression atmosphérique ?",La pression due au poids de l’eau au-dessus,La pression totale de l’eau et de l’atmosphère,La différence entre pression du bloc et pression ambiante
n2-pression-double-atmosphere-001,cards/n2/04-pression.yaml,"Sous l’eau, un capteur indique 3 bars de pression absolue. Un élève y ajoute 1 bar atmosphérique pour obtenir la pression ambiante. Quelle erreur commet-il ?",Il compte deux fois la pression atmosphérique,Il confond les 3 bars affichés avec une pression relative,Il oublie d’ajouter les 2 bars dus à l’eau
n2-flottabilite-poids-reel-apparent-001,cards/n2/05-flottabilite.yaml,Un bloc fermé paraît moins lourd lorsqu’on le tient immobile sous l’eau. Sa masse et son poids réel ont-ils diminué ?,Non : la poussée de l’eau réduit son poids apparent,Sa masse reste identique mais son poids réel diminue,Sa masse et son poids réel diminuent ensemble
n2-flottabilite-relation-poids-apparent-001,cards/n2/05-flottabilite.yaml,"En prenant le sens vers le bas comme positif, quelle relation donne le poids apparent d’un objet immergé à partir de son poids réel et de la poussée d’Archimède ?",Poids apparent = poids réel − poussée,Poids apparent = poids réel + poussée,Poids apparent = poussée − poids réel
n2-flottabilite-neoprene-001,cards/n2/05-flottabilite.yaml,"À la descente, pourquoi une combinaison humide en néoprène perd-elle de sa flottabilité ?",Les cellules gazeuses se compriment et son volume diminue,Son volume reste constant mais sa masse augmente,Son volume reste constant mais la densité de l’eau diminue
n2-flottabilite-respiration-001,cards/n2/05-flottabilite.yaml,Un plongeur en scaphandre bloque sa respiration après avoir inspiré pour rester à une profondeur donnée. Pourquoi ce blocage n’est-il pas une bonne manière d’utiliser le poumon-ballast ?,La stabilisation doit permettre de continuer à respirer,Le blocage convient si le gilet est entièrement purgé,Le blocage convient si le plongeur conserve son détendeur
n2-flottabilite-combinaison-lest-001,cards/n2/05-flottabilite.yaml,"Un plongeur remplace sa combinaison humide par une autre, plus épaisse. Peut-il déterminer exactement son nouveau lestage à partir de la seule différence d’épaisseur ?",Non : réévaluer le lestage avec l’équipement complet,Oui : appliquer une correction fixe par millimètre ajouté,Oui : conserver le lestage si la taille est identique
n2-flottabilite-carnet-lestage-001,cards/n2/05-flottabilite.yaml,"Pour pouvoir réutiliser un réglage de lestage noté dans son carnet, quelles informations faut-il conserver en plus des kilogrammes de lest ?","Eau, équipement et conditions du contrôle, dont pression du bloc","Eau, profondeur maximale et durée totale de la plongée","Équipement, profondeur maximale et vitesse de remontée"
n2-flottabilite-parachute-traction-001,cards/n2/05-flottabilite.yaml,Pourquoi ne faut-il pas accrocher le dévidoir à soi pendant le lancement d’un parachute de palier ?,Un fil bloqué peut l’entraîner vers la surface,La fixation augmente la pression d’ouverture du parachute,La fixation empêche le gaz du parachute de se dilater
n2-flottabilite-perte-lest-001,cards/n2/05-flottabilite.yaml,Un plongeur stabilisé perd accidentellement une poche de plombs. Pourquoi risque-t-il de partir vers la surface ?,La perte de poids dépasse la perte de poussée,La perte de poids est compensée par la perte de poussée,La perte de plomb augmente le volume d’eau déplacé
n2-flottabilite-surlestage-001,cards/n2/05-flottabilite.yaml,"Pourquoi porter trop de lest peut-il augmenter l’effort et la consommation d’air, même lorsque le plongeur compense avec son gilet ?","Il faut plus de gaz dans le gilet, ce qui peut accroître la traînée",Le gilet maintient une pression respiratoire plus élevée,Le lest impose une pression intermédiaire plus élevée
n2-flottabilite-palier-bloc-allege-001,cards/n2/05-flottabilite.yaml,"Un plongeur était correctement stabilisé en début de plongée. En fin de plongée, il doit palmer pour rester immergé à faible profondeur, avec un gilet entièrement purgé, une combinaison humide et une respiration normale. Pourquoi un lestage vérifié seulement avec le bloc plein peut-il expliquer cette difficulté ?",Le bloc a perdu la masse du gaz consommé,Le bloc reçoit moins de poussée à mesure que son gaz diminue,Le gaz consommé a réduit le volume extérieur du bloc
n2-gaz-bloc-rigide-001,cards/n2/06-gaz-autonomie.yaml,"Un bloc fermé de volume intérieur 12 L est descendu de la surface à 20 m, sans fuite et à température constante. Son volume intérieur devient-il 4 L comme celui d’un ballon souple ?",Non : le volume reste pratiquement de 12 L,Oui : le gaz et le bloc se compriment jusqu’à 4 L,Non : le bloc garde 12 L mais le gaz n’en occupe plus que 4
n2-gaz-gilet-descente-001,cards/n2/06-gaz-autonomie.yaml,"Un plongeur stabilisé descend de quelques mètres et devient plus négatif sans avoir modifié le gaz de son gilet. Quel ajustement du gilet permet de retrouver la stabilisation, et pourquoi procéder progressivement ?",Ajouter de petites quantités de gaz et contrôler l’effet,Ajouter en une fois le volume qui compensait à la surface,Purger par petites quantités pour rétablir la poussée
n2-gaz-gilet-remontee-001,cards/n2/06-gaz-autonomie.yaml,Un plongeur commence une remontée avec du gaz dans son gilet. Pourquoi peut-il devoir purger plusieurs fois pendant cette remontée ?,Le gaz restant continue de se dilater pendant la montée,Le gaz restant se comprime progressivement pendant la montée,Le gilet reçoit spontanément du gaz du bloc pendant la montée
n2-gaz-masque-descente-001,cards/n2/06-gaz-autonomie.yaml,"À la descente, comment remettre l’intérieur du masque à la pression ambiante pour éviter son placage sur le visage ?",Expirer doucement par le nez dans le masque,Expirer plus fortement par la bouche dans le détendeur,"Souffler nez pincé, sans envoyer d’air dans le masque"
n2-gaz-oreille-descente-001,cards/n2/06-gaz-autonomie.yaml,Pourquoi faut-il équilibrer les oreilles régulièrement et sans forcer pendant la descente ?,Égaliser la pression des deux côtés du tympan,Augmenter la pression dans le conduit auditif externe,Maintenir l’oreille moyenne à la pression de surface
n2-gaz-duree-fond-planification-001,cards/n2/06-gaz-autonomie.yaml,Un calcul divise tout le stock nominal du bloc par la consommation à la profondeur du fond. Pourquoi le résultat ne donne-t-il pas directement le temps disponible pour explorer ?,Il omet le gaz des autres phases et la réserve nécessaire,Il surestime le stock parce que la profondeur agrandit le bloc,Il sous-estime le temps parce que le gaz se détend dans le bloc
n2-gaz-debit-variable-001,cards/n2/06-gaz-autonomie.yaml,"Un plongeur a mesuré une consommation faible pendant une plongée calme. Pourquoi ne peut-il pas reprendre cette valeur sans adaptation pour une plongée froide, fatigante ou stressante ?",Les besoins ventilatoires peuvent augmenter,La consommation de référence baisse avec le stress,Le débit de référence dépend seulement du volume du bloc
n2-barotraumatismes-mecanisme-001,cards/n2/07-barotraumatismes.yaml,Qu’est-ce qui provoque une lésion barotraumatique dans une cavité contenant du gaz ?,Une différence de pression entre cavité gazeuse et environnement,"Une pression ambiante élevée, même avec la cavité équilibrée",Une diminution de la quantité d’azote dissous dans les tissus
n2-barotraumatismes-sinus-alerte-001,cards/n2/07-barotraumatismes.yaml,Quels signes peuvent faire suspecter un barotraumatisme des sinus pendant ou après une plongée ?,"Douleur faciale au front ou aux pommettes, parfois sang au nez",Marbrures du tronc et démangeaisons apparues après la sortie,Douleur profonde de l’épaule avec faiblesse d’un bras
n2-barotraumatismes-sinus-descente-001,cards/n2/07-barotraumatismes.yaml,Une douleur localisée aux sinus apparaît pendant la descente et ne s’efface pas spontanément. Faut-il poursuivre pour voir si elle passe plus profond ?,Arrêter la descente et terminer la plongée de façon contrôlée,Maintenir la profondeur et forcer plusieurs équilibrages,Descendre plus lentement en attendant que la douleur cesse
n2-barotraumatismes-sinus-remontee-001,cards/n2/07-barotraumatismes.yaml,Une descente sans douleur exclut-elle un barotraumatisme des sinus pendant la remontée ?,Non : un passage peut s’obstruer et piéger l’air à la remontée,Oui : l’équilibrage réussi à la descente garantit la remontée,Oui : le sinus peut se comprimer mais ne peut pas se dilater
n2-barotraumatismes-rhume-equilibrage-001,cards/n2/07-barotraumatismes.yaml,Pourquoi être capable de respirer par le nez malgré un rhume ne garantit-il pas que les oreilles et les sinus s’équilibreront correctement ?,Les trompes d’Eustache ou les orifices des sinus peuvent rester obstrués,Le rhume réduit la pression atmosphérique dans les fosses nasales,La respiration nasale augmente la pression d’ouverture du détendeur
n2-barotraumatismes-position-descente-001,cards/n2/07-barotraumatismes.yaml,Pourquoi une descente lente tête en haut facilite-t-elle généralement l’équilibrage des oreilles par rapport à une descente tête en bas ?,L’air rejoint plus facilement l’oreille moyenne via les trompes,Le tympan subit moins de pression extérieure à profondeur égale,La tête en haut évite d’avoir à ouvrir les trompes d’Eustache
n2-barotraumatismes-bouchons-oreilles-001,cards/n2/07-barotraumatismes.yaml,Pourquoi des bouchons étanches dans les oreilles peuvent-ils provoquer un barotraumatisme malgré un bon équilibrage de l’oreille moyenne ?,Ils isolent une poche de gaz dans le conduit auditif externe,Ils isolent une poche de gaz dans l’oreille moyenne,Ils empêchent l’oreille moyenne d’être alimentée par les trompes
n2-barotraumatismes-dents-gaz-001,cards/n2/07-barotraumatismes.yaml,Comment une obturation dentaire défectueuse peut-elle provoquer une douleur liée à la pression pendant une plongée ?,Une poche de gaz piégée ne suit pas la pression ambiante,L’azote dissous dans l’émail se dilate lors de la descente,Le froid augmente la pression du gaz enfermé sous l’obturation
n2-barotraumatismes-douleur-dentaire-suivi-001,cards/n2/07-barotraumatismes.yaml,"Après une douleur dentaire aiguë apparue à la remontée, pourquoi faut-il faire contrôler la dent avant de replonger, même si la douleur a cessé en surface ?",La dent ou l’obturation peut rester endommagée,La disparition de douleur confirme que la poche de gaz est éliminée,La pression de surface empêche le défaut de se reproduire
n2-barotraumatismes-gaz-digestifs-001,cards/n2/07-barotraumatismes.yaml,"À la remontée, pourquoi du gaz avalé ou déjà présent dans le tube digestif peut-il provoquer une distension douloureuse ?",La baisse de pression fait se dilater le gaz,La baisse de pression comprime le gaz,La remontée augmente la masse du gaz avalé
n2-barotraumatismes-faible-profondeur-001,cards/n2/07-barotraumatismes.yaml,"Une surpression pulmonaire est-elle possible après une remontée de quelques mètres seulement en scaphandre, par exemple depuis le fond d’une piscine ?",Oui : du gaz piégé peut se dilater fortement près de la surface,Non : il faut au moins 2 bars de pression hydrostatique,Non : la faible durée en piscine empêche ce mécanisme
n2-barotraumatismes-signes-respiratoires-001,cards/n2/07-barotraumatismes.yaml,"Après la plongée, une douleur thoracique et une difficulté respiratoire apparaissent, éventuellement avec du sang dans les crachats. Pourquoi faut-il déclencher une prise en charge urgente sans attendre un diagnostic précis ?",Une lésion pulmonaire grave est possible malgré des paliers respectés,Des paliers respectés orientent vers une simple irritation du détendeur,Une faible profondeur exclut les causes pulmonaires graves
n2-barotraumatismes-signes-neurologiques-001,cards/n2/07-barotraumatismes.yaml,"Juste après la sortie de l’eau, un plongeur devient confus et perd la force d’un bras. Il ne se plaint pas de douleur thoracique. Peut-on écarter une complication grave de surpression pulmonaire ?",Non : une embolie gazeuse peut produire des signes neurologiques isolés,Oui : une embolie d’origine pulmonaire impose une douleur thoracique,Oui : une faiblesse isolée traduit seulement une fatigue musculaire
n2-barotraumatismes-alerte-oxygene-001,cards/n2/07-barotraumatismes.yaml,"À la surface, un plongeur conscient qui respire présente des signes faisant suspecter un barotraumatisme pulmonaire. Quelles actions prioritaires faut-il engager ?","Alerte immédiate et oxygène adapté, avec surveillance","Observation d’abord, puis alerte si les signes persistent","Réimmersion assistée d’abord, puis oxygène à la sortie"
n2-barotraumatismes-amelioration-symptomes-001,cards/n2/07-barotraumatismes.yaml,"Après une suspicion d’accident pulmonaire ou neurologique de plongée, les symptômes diminuent sous oxygène. Peut-on annuler l’évaluation médicale urgente ?",Non : poursuivre l’oxygène et maintenir l’évaluation urgente,Oui : suspendre la prise en charge dès disparition des signes,Oui : remplacer l’évaluation par une surveillance de la palanquée
n2-barotraumatismes-victime-non-respirante-001,cards/n2/07-barotraumatismes.yaml,Une victime d’accident de plongée est inconsciente et ne respire pas normalement. Peut-on se limiter à poser un masque à oxygène sur son visage ?,Non : alerter et engager la réanimation cardio-respiratoire,Oui : le masque assure à lui seul une ventilation assistée,Oui : l’oxygène remplace les compressions si le débit est suffisant
n2-essoufflement-profondeur-001,cards/n2/08-essoufflement.yaml,"À ventilation comparable, pourquoi respirer devient-il plus exigeant lorsque la profondeur augmente ?",La densité du gaz augmente et accroît le travail respiratoire,La fraction d’oxygène de l’air diminue avec la pression,La pression du bloc est transmise directement aux voies respiratoires
n2-essoufflement-co2-001,cards/n2/08-essoufflement.yaml,Pourquoi une respiration très rapide et superficielle peut-elle entretenir l’essoufflement au lieu de l’arrêter ?,La ventilation alvéolaire peut rester insuffisante malgré la fréquence,Une fréquence élevée diminue la production de CO₂ musculaire,Une respiration superficielle améliore l’élimination alvéolaire du CO₂
n2-essoufflement-effort-001,cards/n2/08-essoufflement.yaml,Un plongeur peu entraîné accélère fortement son palmage pour suivre une palanquée. Pourquoi cela favorise-t-il l’essoufflement ?,L’effort produit plus de CO₂ et augmente le besoin de ventilation,L’effort augmente la fraction de CO₂ dans l’air du bloc fermé,L’effort diminue la pression ambiante fournie par le détendeur
n2-essoufflement-air-pollue-001,cards/n2/08-essoufflement.yaml,Plusieurs plongeurs ayant fait gonfler leurs blocs au même endroit présentent un malaise ou une gêne respiratoire. Pourquoi faut-il envisager autre chose qu’un effort excessif ?,Une contamination commune du gaz de gonflage est possible,Un même gaz garantit que les malaises ont une origine individuelle,Une contamination se reconnaît nécessairement à une odeur forte
n2-essoufflement-signes-001,cards/n2/08-essoufflement.yaml,Quels signes peuvent annoncer un essoufflement en immersion avant une perte de contrôle ?,"Respiration haletante, manque d’air et récupération difficile",Douleur faciale et saignement nasal lors de la descente,Marbrures cutanées et douleur articulaire après la sortie
n2-essoufflement-panique-001,cards/n2/08-essoufflement.yaml,Pourquoi arracher son détendeur ou partir précipitamment vers la surface pendant un essoufflement aggrave-t-il le danger ?,Risque d’inhalation d’eau ou de remontée incontrôlée,Le retrait du détendeur augmente la pression du bloc,La remontée précipitée augmente la densité du gaz respiré
n2-essoufflement-premiers-signes-001,cards/n2/08-essoufflement.yaml,"En immersion, un plongeur présente un essoufflement pendant un palmage soutenu. Quelles premières actions engager avec la palanquée ?","Stopper l’effort, signaler et organiser une sortie assistée",Maintenir le palmage et ralentir volontairement sa respiration,S’écarter de la palanquée pour rejoindre directement la surface
n2-essoufflement-assistance-001,cards/n2/08-essoufflement.yaml,Pourquoi une remontée assistée pour un plongeur essoufflé doit-elle rester contrôlée ?,Réduire l’effort en respectant vitesse et obligations de remontée,Remonter à la vitesse MN90 indépendamment de l’ordinateur,Viser la disparition de l’essoufflement avant de surveiller la vitesse
n2-essoufflement-courant-001,cards/n2/08-essoufflement.yaml,La palanquée rencontre un courant contre lequel elle doit palmer fortement pour maintenir le trajet. Que faut-il remettre en cause avant l’épuisement ?,Adapter le trajet ou interrompre la plongée avec la palanquée,Conserver le trajet en utilisant le gaz jusqu’à la réserve habituelle,Accélérer le palmage pour réduire le temps passé dans le courant
n2-froid-bilan-thermique-001,cards/n2/09-froid.yaml,Pourquoi peut-on se refroidir même en bougeant pendant une plongée ?,Les pertes de chaleur peuvent dépasser la production corporelle,Le mouvement empêche l’organisme de produire de la chaleur,L’eau supprime l’effet isolant de toute protection thermique
n2-froid-signes-001,cards/n2/09-froid.yaml,"En eau froide, un plongeur frissonne et n’arrive plus à manipuler ses attaches ou le dévidoir du parachute. Que doit faire la palanquée ?",Aider le plongeur et terminer ensemble de façon contrôlée,Poursuivre plus haut dans l’eau jusqu’à disparition des frissons,Poursuivre en supprimant les manipulations difficiles
n2-froid-fin-frissons-001,cards/n2/09-froid.yaml,Un plongeur toujours très froid devient confus et cesse de frissonner. Pourquoi cela ne prouve-t-il pas qu’il se réchauffe ?,La confusion et l’arrêt des frissons peuvent signaler une aggravation,L’arrêt des frissons indique que la température centrale remonte,La confusion seule distingue une narcose d’une hypothermie
n2-froid-protection-001,cards/n2/09-froid.yaml,"Pourquoi choisir une protection thermique en fonction de la température et de la durée prévues, plutôt que de la seule épaisseur écrite sur la combinaison ?","L’ajustement, l’état et les protections des extrémités comptent aussi",L’épaisseur nominale détermine à elle seule la protection,La profondeur maximale détermine à elle seule la protection
n2-froid-fatigue-001,cards/n2/09-froid.yaml,Pourquoi partir fatigué ou avec des apports alimentaires insuffisants réduit-il la marge face au froid ?,La production de chaleur et les capacités de réaction peuvent diminuer,Le manque d’énergie augmente la chaleur dégagée au repos,La fatigue diminue les pertes de chaleur par la peau
n2-froid-interactions-001,cards/n2/09-froid.yaml,Pourquoi le froid peut-il compliquer une plongée profonde au-delà du seul inconfort ?,Il peut augmenter la ventilation et dégrader jugement et gestes,Il réduit les contraintes respiratoires en diminuant la consommation,Il supprime la narcose en ralentissant le métabolisme
n2-froid-sortie-001,cards/n2/09-froid.yaml,"À la sortie d’eau, quelles mesures limitent les pertes de chaleur d’un plongeur refroidi qui reste conscient ?","Abri du vent, isolation et changement au sec sans nouvelle exposition",Retrait immédiat des vêtements mouillés avant toute mise à l’abri,Marche rapide en combinaison mouillée pour se réchauffer
n2-froid-rechauffement-001,cards/n2/09-froid.yaml,Un plongeur hypothermique reste confus après sa sortie de l’eau. Pourquoi faut-il le manipuler doucement et éviter de frictionner vigoureusement ses membres ?,Une hypothermie importante fragilise le fonctionnement cardiaque,Les frictions ralentissent exclusivement le réchauffement de la peau,La mobilisation favorise l’élimination de l’azote par les muscles
n2-froid-boisson-001,cards/n2/09-froid.yaml,Dans quelles conditions peut-on proposer une boisson tiède non alcoolisée à un plongeur légèrement refroidi ?,"Conscience complète et déglutition normale, sans vomissements","Conscience même fluctuante, si la boisson reste tiède","Frissons présents, même avec difficulté à avaler"
n2-narcose-air-001,cards/n2/10-narcose.yaml,Pourquoi le modèle « air = 80 % d’azote et 20 % d’oxygène » n’est-il pas sa composition exacte ?,"L’air sec est proche de 78 % N₂, 21 % O₂ et 1 % d’autres gaz",L’air sec est proche de 80 % N₂ et 20 % O₂ sans autres gaz,"L’air sec est proche de 75 % N₂, 24 % O₂ et 1 % d’autres gaz"
n2-narcose-dalton-001,cards/n2/10-narcose.yaml,"Dans un mélange gazeux idéal, comment calcule-t-on la pression partielle d’un gaz ?",Fraction du gaz × pression absolue totale,Fraction du gaz × pression hydrostatique seule,Pression absolue totale divisée par la fraction du gaz
n2-narcose-fraction-pression-001,cards/n2/10-narcose.yaml,"À composition d’air inchangée, pourquoi la pression partielle d’azote augmente-t-elle à la descente ?",La pression totale augmente alors que la fraction reste constante,La fraction d’azote augmente alors que la pression totale reste constante,La pression partielle suit la profondeur sans la pression atmosphérique
n2-narcose-effets-001,cards/n2/10-narcose.yaml,Pourquoi la narcose à l’air s’accentue-t-elle généralement avec la profondeur ?,La pression partielle des gaz narcotiques augmente,La charge résiduelle en azote est éliminée plus vite,La fraction d’oxygène de l’air baisse à chaque descente
n2-narcose-variabilite-001,cards/n2/10-narcose.yaml,Un plongeur n’a jamais ressenti de narcose à 30 m. Peut-il considérer cette profondeur comme un seuil garanti sans effet pour ses prochaines plongées ?,Non : sensibilité et circonstances varient,Oui : une première plongée sans effet établit un seuil personnel,Oui : l’entraînement supprime la narcose à cette profondeur
n2-narcose-capacites-001,cards/n2/10-narcose.yaml,Pourquoi une euphorie inhabituelle en profondeur peut-elle être aussi inquiétante qu’une angoisse ?,L’aisance ressentie peut masquer une altération du jugement,L’euphorie atteste une adaptation efficace à la pression,L’euphorie traduit une moindre pression partielle d’azote
n2-narcose-conditions-001,cards/n2/10-narcose.yaml,"Pourquoi fatigue, anxiété et manque de pratique récente doivent-ils inciter à choisir une plongée moins exigeante ?",L’état du jour peut réduire les capacités de gestion en profondeur,L’expérience antérieure compense automatiquement la fatigue,Le manque de pratique réduit la sensibilité aux gaz narcotiques
n2-narcose-medicaments-001,cards/n2/10-narcose.yaml,Un médicament qui provoque somnolence ou ralentissement peut-il être considéré sans conséquence pour une plongée profonde ?,Évaluer médicalement le traitement et sa compatibilité avec la plongée,Déplacer la prise après le briefing sans autre évaluation,Réduire la profondeur suffit à rendre le traitement compatible
n2-narcose-reaction-001,cards/n2/10-narcose.yaml,"Lorsqu’une narcose est suspectée en immersion, quel changement de profondeur aide généralement à réduire ses effets ?",Remonter ensemble vers moins profond de façon contrôlée,Rester à la même profondeur jusqu’à accoutumance,Descendre ensemble jusqu’à stabilisation des sensations
n2-narcose-equipier-001,cards/n2/10-narcose.yaml,"En profondeur, un équipier répond inhabituellement lentement aux signes et répète une manipulation inutile. Pourquoi faut-il intervenir plutôt que l’attendre passivement ?",Assister l’équipier et organiser une remontée vers moins profond,Attendre qu’il termine la manipulation avant de réagir,Laisser l’équipier remonter seul pour simplifier ses tâches
n2-narcose-apres-sortie-001,cards/n2/10-narcose.yaml,Pourquoi une confusion ou une faiblesse persistante après la sortie de l’eau ne doit-elle pas être simplement attribuée à une narcose vécue au fond ?,Des signes persistants en surface nécessitent une évaluation urgente,La persistance confirme une narcose profonde sans autre cause,L’amélioration à la remontée exclut un accident après la sortie
n2-add-henry-001,cards/n2/11-add.yaml,"À température constante, quel effet a une augmentation de la pression partielle d’un gaz sur sa quantité dissoute à l’équilibre dans un liquide ?",Elle augmente proportionnellement à la pression partielle,"Elle augmente proportionnellement à la pression totale, quel que soit le mélange",Elle dépend du temps mais pas de la pression partielle à l’équilibre
n2-add-bouteille-001,cards/n2/11-add.yaml,Pourquoi des bulles apparaissent-elles à l’ouverture d’une bouteille d’eau gazeuse ?,La baisse de pression rend le liquide sursaturé,L’ouverture augmente la quantité de gaz dissous à l’équilibre,La baisse de pression augmente la solubilité du gaz
n2-add-profondeur-001,cards/n2/11-add.yaml,"À durée et mélange respiré comparables, pourquoi une plongée plus profonde tend-elle à augmenter la charge en azote ?",La pression partielle d’azote respiré augmente,La proportion d’azote dans l’air respiré augmente,La profondeur accélère l’élimination de l’azote par les poumons
n2-add-duree-001,cards/n2/11-add.yaml,"À profondeur constante, pourquoi prolonger une plongée peut-il augmenter les obligations de désaturation ?",Des tissus continuent à se charger avant leur nouvel équilibre,La charge est fixée dès que la profondeur ne change plus,La saturation dépend de la profondeur maximale uniquement
n2-add-tissus-001,cards/n2/11-add.yaml,Pourquoi tous les tissus ne se chargent-ils pas en azote à la même vitesse ?,"Circulation, diffusion et solubilité diffèrent selon les tissus",La pression ambiante est différente dans chaque organe,Tous les tissus se chargent à la même vitesse mais pas en même quantité
n2-add-apres-sortie-001,cards/n2/11-add.yaml,Pourquoi sortir de l’eau ne signifie-t-il pas que tout l’azote supplémentaire a été éliminé ?,Certains tissus restent chargés au-delà de l’équilibre de surface,Le retour à 1 bar rétablit immédiatement l’équilibre des tissus,La désaturation ne reprend qu’à la plongée suivante
n2-add-poumons-001,cards/n2/11-add.yaml,Par quel trajet l’azote dissous dans les tissus est-il éliminé pendant la désaturation ?,Tissus → sang → poumons → air expiré,Tissus → sang → reins → urine,Tissus → bulles obligatoires → poumons → air expiré
n2-add-bulles-001,cards/n2/11-add.yaml,Pourquoi une diminution trop rapide de pression favorise-t-elle un accident de désaturation ?,La sursaturation peut favoriser des bulles et des réactions tissulaires,La pression augmente dans les tissus et comprime l’azote dissous,La remontée rapide augmente la quantité d’azote respiré au fond
n2-add-froid-effort-001,cards/n2/11-add.yaml,Pourquoi la température et l’effort doivent-ils être pris en compte dans le risque de désaturation ?,Ils modifient la circulation et les échanges de gaz selon la phase,Ils changent la fraction d’azote du mélange dans le bloc,Leur effet sur les échanges reste identique au fond et à la remontée
n2-add-modele-001,cards/n2/11-add.yaml,Un plongeur a respecté les indications de son ordinateur. Pourquoi un accident de désaturation reste-t-il possible ?,Le modèle ne mesure pas directement l’azote ni les bulles des tissus,L’ordinateur ne prend en compte que la profondeur maximale,L’ordinateur calcule les paliers sans tenir compte de leur durée
n2-add-retard-001,cards/n2/11-add.yaml,Pourquoi l’absence de symptôme immédiat au retour au bateau n’écarte-t-elle pas un accident de désaturation ?,Les signes peuvent apparaître après un délai en surface,Le retour à la pression atmosphérique exclut une origine de désaturation,Les signes doivent commencer au dernier palier pour évoquer un ADD
n2-add-peau-001,cards/n2/11-add.yaml,"Après une plongée, des démangeaisons s’accompagnent de marbrures inhabituelles sur le tronc. Pourquoi faut-il les signaler rapidement ?",Un ADD cutané est possible et nécessite une évaluation,Une localisation cutanée exclut une atteinte liée à la désaturation,Des marbrures seules prouvent une allergie à la combinaison
n2-add-oreille-interne-001,cards/n2/11-add.yaml,"Un vertige persiste après la sortie de l’eau, avec baisse d’audition. Pourquoi ne faut-il pas conclure à un simple problème d’équilibrage ?",Désaturation et barotraumatisme de l’oreille interne sont possibles,La baisse d’audition prouve une atteinte limitée à l’oreille moyenne,Le retour en surface exclut une atteinte vestibulaire de désaturation
n2-add-fatigue-001,cards/n2/11-add.yaml,"Après une plongée, un équipier devient anormalement épuisé et se comporte différemment d’habitude. Pourquoi faut-il le signaler au responsable ?",Ces changements peuvent accompagner un accident de plongée,L’absence de douleur permet d’écarter un accident de plongée,L’absence de paralysie permet d’attendre la prochaine plongée
n2-add-oxygene-001,cards/n2/11-add.yaml,"En cas de suspicion d’accident de désaturation, pourquoi administrer de l’oxygène en surface ?",Améliorer l’oxygénation et favoriser l’élimination du gaz inerte,Remplacer l’évaluation médicale dès disparition des symptômes,Comprimer les bulles par augmentation de la pression respirée
n2-add-position-001,cards/n2/11-add.yaml,"Une victime consciente et qui respire présente un malaise après plongée. Quelle position lui proposer, notamment si elle est gênée pour respirer ?","Position confortable choisie, souvent assise si gêne respiratoire","Position allongée jambes surélevées, même si gêne respiratoire",Position latérale systématique pour toute victime consciente
n2-add-eau-001,cards/n2/11-add.yaml,Quelles conditions faut-il réunir avant de proposer de l’eau à une victime d’accident de plongée ?,"Consciente, coopérative et capable d’avaler sans trouble respiratoire ou digestif","Consciente et coopérative, même avec gêne respiratoire","Capable d’avaler, même avec conscience fluctuante ou vomissements"
n2-add-transmission-001,cards/n2/11-add.yaml,Quelles informations conserver pour les secours lorsqu’un symptôme apparaît après une plongée ?,"Profils, chronologie des signes et gestes déjà réalisés","Profondeur maximale et brevet, sans historique des plongées","Dernier palier et pression du bloc, sans chronologie des signes"
n2-add-equipiers-001,cards/n2/11-add.yaml,Pourquoi surveiller également les autres membres de la palanquée lorsqu’un accident de désaturation est suspecté ?,Ils partagent une partie du profil mais peuvent réagir différemment,Le premier accident prouve que tous ont la même atteinte,L’absence de signes chez eux exclut un problème du profil commun
n2-add-evacuation-001,cards/n2/11-add.yaml,Pourquoi faut-il organiser l’évacuation d’un accidenté avec les secours plutôt que partir spontanément vers le premier caisson trouvé ?,"Ils coordonnent transport, évaluation et établissement adapté",Le caisson le plus proche prime sur toute évaluation médicale,Le transport personnel permet de contourner la régulation médicale
n2-add-remontee-001,cards/n2/11-add.yaml,Pourquoi respecter à la fois les paliers et la vitesse de remontée prévue par son moyen de désaturation ?,Vitesse et paliers font tous deux partie du profil de décompression,Les paliers compensent une vitesse excessive entre les arrêts,Une remontée lente dispense des paliers annoncés au fond
n2-add-effort-surface-001,cards/n2/11-add.yaml,Pourquoi éviter de porter seul des charges lourdes juste après une plongée ?,Un effort intense peut accroître le risque lié aux bulles,Le portage accélère la désaturation en comprimant les tissus,La sortie de l’eau marque la fin du risque lié à l’effort
n2-add-apnee-001,cards/n2/11-add.yaml,Pourquoi éviter d’enchaîner une séance d’apnée profonde après une plongée bouteille ?,L’apnée ajoute des variations de pression à une charge résiduelle,L’apnée accélère l’élimination de l’azote sans nouvelle contrainte,L’absence de détendeur supprime le risque de désaturation
n2-add-yoyo-001,cards/n2/11-add.yaml,Pourquoi les remontées et redescendes répétées ne doivent-elles pas être considérées comme équivalentes à une plongée stable à la même profondeur maximale ?,Les variations répétées modifient charge et élimination des gaz,Seule la profondeur maximale détermine la charge des tissus,Toute redescente efface les effets de la remontée précédente
n2-add-avion-001,cards/n2/11-add.yaml,Un plongeur sans symptôme a fait plusieurs plongées sans palier dans la journée. Quel intervalle minimal de surface recommande DAN avant un vol dont la pression en cabine correspond à une altitude de 610 à 2 438 m ?,Au moins 18 h,Au moins 12 h,Au moins 24 h
n2-add-articulation-001,cards/n2/11-add.yaml,Une douleur profonde inhabituelle à l’épaule apparaît après une plongée. Le plongeur la met sur le compte du portage du bloc. Quelle décision prendre ?,Signaler la douleur et demander une évaluation rapidement,Attendre une douleur thoracique pour demander une évaluation,Écarter l’ADD si la douleur suit un effort de portage
n2-tables-profil-carre-001,cards/n2/12-tables.yaml,"Dans la lecture classique des MN90, pourquoi retient-on la profondeur maximale plutôt que la profondeur moyenne ?",La table attribue toute la durée retenue à la profondeur maximale,La table attribue la durée à la moyenne des profondeurs extrêmes,La table attribue seulement le séjour au fond à la profondeur maximale
n2-tables-duree-001,cards/n2/12-tables.yaml,"Dans une plongée simple MN90 à remontée normale, entre quels instants compte-t-on la durée utilisée pour entrer dans la table ?",Du départ de la surface au début de la remontée,De l’arrivée au fond au début de la remontée,Du départ de la surface à la fin du dernier palier
n2-tables-arrondis-001,cards/n2/12-tables.yaml,"Exercice MN90 : la profondeur maximale est 19 m et la durée avant remontée 31 min 10 s. La table comporte 18 et 20 m, puis 30 et 35 min à 20 m. Quelle ligne retenir ?",20 m et 35 min,20 m et 30 min,18 m et 35 min
n2-tables-domaine-001,cards/n2/12-tables.yaml,Pour quelles conditions de gaz et d’effort les tables MN90 utilisées dans les exercices de plongée à l’air sont-elles conçues ?,Air et effort physique modéré,Air et effort physique intense,Tout mélange suroxygéné et effort modéré
n2-tables-deux-plongees-001,cards/n2/12-tables.yaml,La limite de deux plongées par 24 heures des tables MN90 devient-elle automatiquement une limite identique pour tout ordinateur ?,Non : consulter les limites du modèle d’ordinateur utilisé,Oui : cette limite des MN90 s’applique à tous les algorithmes,Non : l’usage d’un ordinateur supprime la prise en compte des successives
n2-tables-sans-palier-001,cards/n2/12-tables.yaml,Que signifie une durée située dans la zone sans palier obligatoire d’une table ?,Pas de palier obligatoire avec les hypothèses de cette table,Pas de contrainte de vitesse pour rejoindre la surface,Pas d’azote résiduel après cette plongée
n2-tables-dtr-001,cards/n2/12-tables.yaml,"Que comprend la durée totale de remontée, ou DTR, d’un exercice de tables MN90 ?",Trajets de remontée et durées des paliers,Durée du fond et durées des paliers,"Descente, fond et remontée complète"
n2-tables-gps-001,cards/n2/12-tables.yaml,"À quoi sert le groupe de plongée successive, ou GPS, donné par une lettre à la sortie d’une plongée MN90 ?",Tenir compte du gaz résiduel pour la plongée suivante,Donner directement la durée du dernier palier,Donner directement la durée maximale de la seconde plongée
n2-tables-vitesses-001,cards/n2/12-tables.yaml,"Dans les MN90 au niveau de la mer, quelles vitesses distingue-t-on pour remonter du fond puis entre les paliers ?","15 à 17 m/min jusqu’au premier palier, puis 6 m/min","6 m/min jusqu’au premier palier, puis 15 à 17 m/min",15 à 17 m/min jusqu’au premier palier et entre les paliers
n2-tables-ordinateur-001,cards/n2/12-tables.yaml,Un ordinateur impose une vitesse de remontée inférieure à celle des MN90. Quelle référence suivre pendant cette plongée conduite à l’ordinateur ?,La limite de l’ordinateur utilisé pendant la plongée,La limite MN90 dès que le plongeur a déjà appris les tables,La moyenne entre les deux limites de vitesse
n2-tables-intervalles-001,cards/n2/12-tables.yaml,"Dans les exercices MN90, à quelles catégories appartiennent deux plongées séparées par exactement 15 min de surface, puis par exactement 12 h ?",15 min : successive ; 12 h : isolée,15 min : consécutive ; 12 h : successive,15 min : successive ; 12 h : successive
n2-tables-majoration-001,cards/n2/12-tables.yaml,"Dans une plongée successive MN90, que représente la majoration ajoutée au temps de la deuxième plongée ?",Un temps fictif représentant l’azote résiduel,Un temps réel supplémentaire à passer au fond,Un temps d’attente à ajouter à l’intervalle de surface
n2-tables-temps-fictif-001,cards/n2/12-tables.yaml,"Exercice de successive : majoration 13 min, durée réelle de la deuxième plongée 22 min. Quelle durée sert à lire ses paliers ?",35 min,22 min,9 min
n2-tables-variables-001,cards/n2/12-tables.yaml,Quelles trois données faut-il connaître pour déterminer la majoration MN90 d’une deuxième plongée ?,"GPS initial, intervalle de surface, profondeur de la seconde","GPS initial, durée réelle de la seconde, profondeur de la seconde","Profondeur de la première, intervalle de surface, durée de la seconde"
n2-tables-remontee-lente-001,cards/n2/12-tables.yaml,"Exercice MN90 : 20 min jusqu’au départ du fond, puis 4 min de remontée lente jusqu’au premier palier. Quelle durée retenir avant les arrondis de lecture ?",24 min,20 min,16 min
n2-tables-courbe-001,cards/n2/12-tables.yaml,Extrait MN90 à 20 m : 40 min sans palier ; 45 min avec 1 min à 3 m. Une plongée simple dure 41 min avant une remontée normale. Faut-il lire une ligne avec palier ?,Oui : lire 45 min et 1 min à 3 m,Non : lire 40 min et aucun palier,Oui : interpoler à 41 min et 12 s à 3 m
n2-tables-calcul-dtr-001,cards/n2/12-tables.yaml,"Exercice MN90 : départ de 30 m, un seul palier de 9 min à 3 m. Employer 15 m/min jusqu’au palier, puis 6 m/min à la surface, et arrondir la somme à la minute supérieure. Quelle DTR ?",12 min,11 min,13 min
n2-tables-successive-001,cards/n2/12-tables.yaml,"Exercice MN90 : GPS H, intervalle de surface 2 h, deuxième plongée prévue à 20 m pendant 20 min. Extraits : H/2 h → azote résiduel 0,98 ; tableau II, 0,99/20 m → majoration 22 min ; à 20 m, 40 min → sans palier, 45 min → 1 min à 3 m. Quels paliers lire pour la seconde ?",1 min à 3 m,Aucun palier obligatoire,22 min à 3 m
n2-tables-intervalle-arrondi-001,cards/n2/12-tables.yaml,"Exercice MN90 : GPS H, intervalle réel 2 h 10. Tableau I : H/2 h = 0,98 ; H/2 h 30 = 0,95. Quel intervalle tabulé retenir pour lire l’azote résiduel ?","2 h, soit 0,98","2 h 30, soit 0,95","2 h 10, par interpolation entre 0,98 et 0,95"
n2-tables-successive-duree-maximale-001,cards/n2/12-tables.yaml,"Exercice MN90 : à 20 m, la dernière ligne sans palier obligatoire est 40 min. Pour une deuxième plongée à 20 m, la majoration calculée vaut 22 min. Quelle durée réelle maximale avant remontée reste dans cette ligne sans palier ?",18 min,22 min,40 min
n2-tables-dtr-plusieurs-paliers-001,cards/n2/12-tables.yaml,"Exercice MN90 de calcul de trajet : départ du fond à 28 m, arrêts imposés par l’énoncé de 1 min à 6 m puis 4 min à 3 m. Employer 15 m/min jusqu’au premier arrêt, puis 6 m/min entre les arrêts et jusqu’à la surface. Arrondir la somme à la minute supérieure. Quelle durée totale de remontée ?",8 min,7 min,9 min
n2-ordinateurs-profil-001,cards/n2/13-ordinateurs.yaml,Pourquoi un ordinateur peut-il donner une décompression différente d’une table pour une plongée qui remonte progressivement le long d’un tombant ?,Il intègre les profondeurs successives et le temps à chacune,Il applique toute la durée à la profondeur maximale,Il applique toute la durée à la dernière profondeur mesurée
n2-ordinateurs-affichages-001,cards/n2/13-ordinateurs.yaml,Un écran affiche temps de plongée 24 min et temps restant sans palier 6 min à la profondeur actuelle. Que représentent ces deux valeurs ?,24 min écoulées ; 6 min estimées avant palier à cette profondeur,24 min écoulées ; 6 min de remontée jusqu’à la surface,24 min d’autonomie gaz ; 6 min estimées avant palier
n2-ordinateurs-alarme-vitesse-001,cards/n2/13-ordinateurs.yaml,"Sur un Suunto Zoop Novo, une alarme sonore s’accompagne du message SLOW. Que signale-t-elle et quelle action attend-elle ?",Remontée au-delà de 10 m/min : ralentir,Remontée au-delà de 15 m/min : ralentir,Plafond franchi pendant 3 min : redescendre
n2-ordinateurs-gaz-001,cards/n2/13-ordinateurs.yaml,"Pourquoi vérifier le gaz sélectionné sur l’ordinateur avant de plonger, même si la profondeur affichée paraît correcte ?",Le gaz réglé influe sur désaturation et exposition à l’oxygène,Le gaz réglé influe uniquement sur l’exposition à l’oxygène,Le gaz réglé influe uniquement sur les calculs de désaturation
n2-ordinateurs-salinite-001,cards/n2/13-ordinateurs.yaml,"Sur un appareil offrant un réglage de salinité, à quoi sert ce réglage dans l’affichage de profondeur ?",Convertir pression mesurée en profondeur selon la densité de l’eau,Appliquer un décalage fixe de profondeur quelle que soit la pression,Corriger l’altitude de référence avant de convertir la pression
n2-ordinateurs-historique-001,cards/n2/13-ordinateurs.yaml,"Entre deux plongées rapprochées, pourquoi remplacer son ordinateur par celui d’un équipier peut-il fausser la décompression affichée ?",Il utilise l’historique et la charge calculée de l’équipier,Le changement remet automatiquement la charge calculée à zéro,La même profondeur maximale assure la même charge calculée
n2-ordinateurs-controle-001,cards/n2/13-ordinateurs.yaml,"Avant de s’immerger avec son ordinateur, quels contrôles évitent de découvrir un mauvais réglage ou un affichage inutilisable sous l’eau ?","Écran, énergie, mode, gaz, réglages et cohérence de l’historique","Écran, profondeur maximale enregistrée et pression du bloc","Énergie, durée maximale du journal et nombre de plongées mémorisées"
n2-ordinateurs-collectif-001,cards/n2/13-ordinateurs.yaml,"Votre ordinateur n’indique plus de palier obligatoire, mais celui de votre équipier en impose encore un. Comment organiser la fin de plongée, avec du gaz suffisant ?",Terminer ensemble les obligations des deux appareils,Remonter ensemble dès que le premier appareil libère son plongeur,Suivre ensemble celui qui a indiqué le moins de paliers au fond
n2-ordinateurs-differences-001,cards/n2/13-ordinateurs.yaml,Deux plongeurs restent côte à côte pendant une plongée mais leurs ordinateurs annoncent des paliers différents. Quelles différences peuvent l’expliquer ?,"Modèles, réglages ou historique peuvent différer",Seule une panne de capteur explique des durées différentes,Des paliers différents prouvent qu’un plongeur a respiré plus vite
n2-ordinateurs-dtr-augmente-001,cards/n2/13-ordinateurs.yaml,"Pendant l’exploration, la durée totale de remontée affichée augmente. Quelle conséquence pour la décision de rester au fond ?",Prévoir davantage de temps et de gaz pour sortir,Prolonger le fond car le temps sans palier augmente aussi,Conserver le budget de gaz si la profondeur maximale ne change pas
n2-ordinateurs-ndl-air-001,cards/n2/13-ordinateurs.yaml,"Un ordinateur annonce 12 min sans palier, mais la réserve de gaz convenue sera atteinte dans 4 min à la consommation actuelle. Quelle contrainte commande la décision de fin d’exploration ?",Le gaz impose d’anticiper la fin d’exploration,Les 12 min sans palier priment sur le seuil de réserve,La durée moyenne des deux contraintes fixe la fin d’exploration
n2-ordinateurs-sonde-001,cards/n2/13-ordinateurs.yaml,Pourquoi un ordinateur sans liaison de pression avec le bloc ne peut-il pas connaître directement le gaz encore disponible ?,Il ne mesure pas la pression restante du bloc,Il déduit la pression restante de la profondeur mesurée,Il déduit la pression restante du temps sans palier
n2-ordinateurs-verrouillage-001,cards/n2/13-ordinateurs.yaml,Un Suunto Zoop Novo reste plus de 3 min au-dessus de son plafond de décompression et affiche ER. Quelle information de décompression devient indisponible et pour quelle durée annoncée par le manuel ?,Calcul de décompression indisponible pendant 48 h après sortie,Profondeur et durée indisponibles pendant 48 h après sortie,Calcul de décompression indisponible pendant 24 h après sortie
n2-ordinateurs-manuel-001,cards/n2/13-ordinateurs.yaml,Vous empruntez pour la première fois un modèle d’ordinateur différent. Quelles informations de son manuel devez-vous maîtriser pour gérer la remontée ?,"Temps sans palier, obligations, plafond, vitesses et alarmes","Journal, fréquence d’échantillonnage et capacité de mémoire","Profondeur maximale, durée totale et mode de transfert des données"
n2-ordinateurs-lisibilite-001,cards/n2/13-ordinateurs.yaml,Pourquoi tester la lecture de l’écran avec son masque et sa correction visuelle avant de choisir un ordinateur ?,Vérifier la lecture rapide des paramètres et alarmes en situation,Vérifier uniquement la lisibilité de la profondeur maximale,Vérifier uniquement la lisibilité à la surface en plein jour
n2-ordinateurs-modes-001,cards/n2/13-ordinateurs.yaml,"Si l’on envisage une formation nitrox plus tard, quel point vérifier dans les fonctions de l’ordinateur ?",Le mode nitrox et sa plage de mélanges acceptés,Le réglage de salinité et sa plage de profondeurs,Le nombre de compartiments et la capacité du journal
n2-ordinateurs-gf-principe-001,cards/n2/13-ordinateurs.yaml,"Dans un modèle Bühlmann à gradient factors, que représente le pourcentage d’un GF par rapport à la pression ambiante et à la limite du modèle ?",Une fraction du gradient de sursaturation autorisé,La probabilité personnelle d’un accident en pourcentage,Une fraction de la M-value mesurée depuis zéro pression
n2-ordinateurs-gf-air-ffessm-001,cards/n2/13-ordinateurs.yaml,"Pour une planification PA20 FFESSM à l’air avec un ordinateur réglable par gradient factors, quelle relation et quelle plage de valeurs sont indiquées pour GF bas et GF haut ?","GF bas = GF haut, entre 85 et 90 %","GF bas = 30 %, GF haut entre 85 et 90 %","GF bas entre 85 et 90 %, GF haut = 100 %"
n2-ordinateurs-plafond-lecture-001,cards/n2/13-ordinateurs.yaml,"Pendant une décompression, un Suunto Zoop Novo affiche CEILING 6 m. Le plongeur est à 7 m. Rejoindre 5 m respecterait-il ce plafond ?",Non : à 5 m il serait au-dessus du plafond de 6 m,Oui : 5 m est plus proche de la surface que le plafond,Oui : le plafond fixe une durée et non une profondeur limite
n2-ordinateurs-plafonds-differents-001,cards/n2/13-ordinateurs.yaml,"Deux équipiers utilisent des ordinateurs avec un plafond de décompression à ne pas franchir. A indique 6 m, B indique 3 m. Ils sont ensemble à 7 m, avec du gaz suffisant. Peuvent-ils rejoindre ensemble 3 m à cet instant ?",Non : A impose encore de rester à 6 m ou plus profond,"Oui : les deux plafonds peuvent être moyennés à 4,5 m","Oui : B autorise 3 m, donc la palanquée peut y aller ensemble"
n2-remontees-anormales-references-001,cards/n2/14-remontees-anormales.yaml,Pourquoi distinguer les anciennes procédures MN90 et les préconisations fédérales de remontée anormale à l’air avec ordinateur adoptées en 2024 ?,Les recommandations à l’ordinateur et les MN90 prévoient des rattrapages différents,Les recommandations à l’ordinateur reprennent les rattrapages MN90 à l’identique,Les recommandations à l’ordinateur concernent uniquement les plongées au nitrox
n2-remontees-anormales-seuil-001,cards/n2/14-remontees-anormales.yaml,"En plongée à l’air avec ordinateur, quels critères définissent la remontée trop rapide dans les préconisations fédérales de 2024 ?","Plus de 15 m/min entre 30 m et la surface, sur au moins 10 m","Plus de 10 m/min entre 30 m et la surface, sur au moins 10 m","Plus de 15 m/min entre 30 m et la surface, sur au moins 3 m"
n2-remontees-anormales-impossible-001,cards/n2/14-remontees-anormales.yaml,"Après une remontée trop rapide répondant aux critères fédéraux de 2024, à l’air avec ordinateur, que prévoit le texte lorsque la réimmersion est impossible ?",Oxygène en surface et évacuation coordonnée avec les secours,"Observation seule pendant 3 h, sans autre mesure si aucun signe",Nouvelle tentative de réimmersion après 5 min de repos
n2-remontees-anormales-yoyos-001,cards/n2/14-remontees-anormales.yaml,Quel profil appelle-t-on « multi-yoyos » lors d’exercices de remontée assistée ?,Des cycles répétés de remontée puis redescente,Des plongées successives séparées d’un court intervalle en surface,Une remontée continue interrompue par plusieurs paliers
n2-remontees-anormales-six-metres-001,cards/n2/14-remontees-anormales.yaml,"Pour des exercices comportant plusieurs remontées, quelle limite de proximité de la surface les préconisations fédérales de 2024 demandent-elles de respecter dans la mesure du possible ?",Rester à 6 m ou plus profond autant que possible,Rester à 3 m ou plus profond autant que possible,Remonter en surface à chaque exercice autant que possible
n2-remontees-anormales-confort-001,cards/n2/14-remontees-anormales.yaml,Pourquoi un palier de décompression obligatoire manqué et un simple palier de confort interrompu ne déclenchent-ils pas automatiquement la même procédure ?,L’interruption visée concerne un palier obligatoire de décompression,Tout arrêt conseillé impose le même rattrapage qu’un palier obligatoire,La procédure dépend seulement du gaz restant dans le bloc
n2-remontees-anormales-observation-001,cards/n2/14-remontees-anormales.yaml,"En plongée à l’air avec ordinateur, un maximum de 3 min de palier obligatoire n’a pas été fait. Sans signe d’accident et avec réimmersion impossible, quel suivi prévoit la recommandation fédérale de 2024 ?",Observation 3 h et absence de nouvelle plongée 24 h,Observation 1 h et absence de nouvelle plongée 12 h,Observation 3 h et reprise de plongée dès disparition de la fatigue
n2-remontees-anormales-symptomes-001,cards/n2/14-remontees-anormales.yaml,"Après un palier obligatoire manqué, le plongeur présente une faiblesse ou des fourmillements. Faut-il le réimmerger pour finir ses paliers ?","Non : secours, oxygène adapté et surveillance en surface",Oui : terminer les paliers si moins de 3 min ont été manquées,Oui : redescendre si l’équipier assure une assistance
n2-gonflage-blocs-compresseur-001,cards/n2/15-gonflage-blocs.yaml,Pourquoi une station de gonflage aspire-t-elle l’air loin de sources de fumées ou d’échappement ?,Les contaminants aspirés peuvent passer dans le gaz des blocs,La compression détruit les contaminants avant filtration,Les filtres garantissent la qualité malgré une prise d’air polluée
n2-gonflage-blocs-tampons-001,cards/n2/15-gonflage-blocs.yaml,Quelle différence entre gonfler directement avec un compresseur et utiliser une batterie de bouteilles tampons ?,Compresseur : production de gaz comprimé ; tampons : transfert de gaz stocké,Compresseur : transfert de gaz stocké ; tampons : production de gaz comprimé,Compresseur et tampons produisent le gaz comprimé pendant le remplissage
n2-gonflage-blocs-pression-001,cards/n2/15-gonflage-blocs.yaml,Un bloc est marqué PS 230 bar et PT 345 bar. Quelle pression fixe sa limite admissible de gonflage ?,PS 230 bar,PT 345 bar,"La moyenne de PS et PT, soit 287,5 bar"
n2-gonflage-blocs-habilitation-001,cards/n2/15-gonflage-blocs.yaml,Le brevet N2 suffit-il à autoriser l’utilisation autonome d’une station de gonflage du club ?,Non : compétence et autorisation propres à la station sont nécessaires,Oui : l’autonomie de plongée vaut autorisation de gonflage,Oui : si un autre N2 reste présent à la station
n2-gonflage-blocs-materiau-001,cards/n2/15-gonflage-blocs.yaml,Le seul mot « aluminium » suffit-il à conclure qu’un bloc sera plus léger et moins négatif qu’un bloc acier ?,"Non : comparer masse, volume extérieur et gaz contenu",Oui : la nature du métal suffit à déterminer la flottabilité,Oui : comparer seulement les capacités intérieures des blocs
n2-gonflage-blocs-bi-001,cards/n2/15-gonflage-blocs.yaml,Deux bouteilles réunies en bi-bloc garantissent-elles automatiquement deux réserves indépendantes ?,Non : leur robinetterie et leur liaison déterminent l’indépendance,Oui : deux bouteilles physiques donnent deux réserves indépendantes,Oui : deux manomètres suffisent à garantir l’indépendance
n2-gonflage-blocs-chaleur-chocs-001,cards/n2/15-gonflage-blocs.yaml,Pourquoi éviter de laisser un bloc gonflé dans un véhicule surchauffé et de le faire tomber ?,La chaleur accroît la pression et les chocs peuvent endommager le bloc,La chaleur réduit la pression mais les chocs l’augmentent,La pression d’épreuve autorise les mêmes températures que le gonflage
n2-gonflage-blocs-eau-001,cards/n2/15-gonflage-blocs.yaml,Pourquoi un bloc vide ne doit-il pas rester robinet ouvert dans l’eau ou au fond d’un bateau mouillé ?,L’eau peut entrer et favoriser corrosion et contamination,L’ouverture maintient une surpression empêchant l’entrée d’eau,L’eau évacue les dépôts et protège le métal intérieur
n2-gonflage-blocs-vidange-001,cards/n2/15-gonflage-blocs.yaml,Pourquoi ne faut-il pas vider brutalement un bloc en ouvrant grand son robinet à l’air libre ?,La détente rapide refroidit fortement le gaz et la robinetterie,La détente rapide chauffe la robinetterie jusqu’au risque de brûlure,La détente rapide stabilise la température du gaz restant
n2-gonflage-blocs-corrosion-001,cards/n2/15-gonflage-blocs.yaml,Des éclats de peinture et de la rouille apparaissent sous le culot d’un bloc. Pourquoi ne suffit-il pas de recouvrir la zone de peinture ?,Contrôler le métal et la corrosion avant remise en état,Repeindre suffit si la pression du bloc ne baisse pas,Changer le culot suffit si la rouille reste extérieure
n2-gonflage-blocs-periodicites-001,cards/n2/15-gonflage-blocs.yaml,"En France, pour un bloc métallique de plongée suivi selon le cahier des charges donnant droit au régime de six ans, quelles échéances distinguer de la requalification ordinaire ?","6 ans au lieu de 2, avec inspections et traçabilité requises","6 ans au lieu de 2, sans inspection entre requalifications","2 ans au lieu de 6, avec une inspection tous les 2 ans"
n2-gonflage-blocs-transport-001,cards/n2/15-gonflage-blocs.yaml,"Pour transporter personnellement un bloc d’air gonflé en voiture, quelle précaution matérielle est essentielle ?",Immobiliser le bloc et protéger sa robinetterie,"Le coucher sur la banquette, sans fixation si le trajet est court","Le poser verticalement dans le coffre, sans fixation si le bloc est plein"
n2-gonflage-blocs-date-depassee-001,cards/n2/15-gonflage-blocs.yaml,"La date de requalification d’un bloc a dépassé l’échéance de son régime de suivi, mais il garde sa pression sans fuite. Peut-on le faire gonfler pour une dernière plongée ?",Non : retirer du service jusqu’au contrôle et à la remise en service,Oui : l’absence de fuite valide une dernière utilisation,Oui : une inspection informelle reporte l’échéance
n2-detendeurs-relative-absolue-001,cards/n2/16-detendeurs.yaml,"Une pression intermédiaire est annoncée « 9,5 bar au-dessus de l’ambiante ». Pourquoi sa valeur absolue augmente-t-elle avec la profondeur ?","Pression ambiante + 9,5 bar de surpression","9,5 bar absolus, indépendamment de la profondeur","Pression du bloc − 9,5 bar de surpression"
n2-detendeurs-fixations-001,cards/n2/16-detendeurs.yaml,Quelle différence mécanique entre une fixation DIN et une fixation par étrier du premier étage ?,DIN : vissage dans le robinet ; étrier : serrage autour du robinet,DIN : serrage autour du robinet ; étrier : vissage dans le robinet,DIN et étrier : vissage dans le robinet avec filetage différent
n2-detendeurs-membrane-piston-001,cards/n2/16-detendeurs.yaml,"Dans un premier étage, quelle distinction entre un mécanisme à piston et un mécanisme à membrane ?",Piston : pièce rigide mobile ; membrane : élément déformable,Piston : élément déformable ; membrane : pièce rigide mobile,"Piston et membrane : même pièce mobile, fixations DIN et étrier différentes"
n2-detendeurs-cycle-001,cards/n2/16-detendeurs.yaml,"Dans un modèle conceptuel de premier étage à membrane, comment la consommation d’air déclenche-t-elle puis arrête-t-elle l’arrivée de gaz depuis le bloc ?",Une baisse de MP ouvre le passage ; son rétablissement le ferme,Une hausse de MP ouvre le passage ; sa baisse le ferme,L’ouverture dépend seulement de la haute pression du bloc
n2-detendeurs-inspiration-001,cards/n2/16-detendeurs.yaml,Comment l’inspiration commande-t-elle l’arrivée de gaz dans un second étage classique à membrane et levier ?,"Une légère dépression interne agit sur membrane, levier et clapet","Une légère surpression interne agit sur membrane, levier et clapet",La chute de haute pression du bloc agit directement sur le levier
n2-detendeurs-purge-001,cards/n2/16-detendeurs.yaml,Comment le bouton de purge d’un second étage provoque-t-il un débit sans inspiration ?,Il commande mécaniquement l’ouverture du clapet via la membrane,Il augmente le réglage de moyenne pression du premier étage,Il ouvre le clapet d’expiration pour aspirer le gaz du flexible
n2-detendeurs-eau-second-etage-001,cards/n2/16-detendeurs.yaml,Un second étage a été immergé hors de la bouche. Que faut-il faire avant d’inspirer à nouveau dedans ?,Évacuer l’eau puis reprendre la respiration avec précaution,Inspirer fortement pour chasser l’eau par la soupape d’expiration,Fermer le robinet avant de vider le second étage
n2-detendeurs-rincage-001,cards/n2/16-detendeurs.yaml,"Pour rincer un détendeur SCUBAPRO démonté du bloc, quelle protection de l’entrée du premier étage faut-il vérifier ?",Un bouchon correctement fermé sur l’entrée haute pression,Une purge maintenue enfoncée durant tout le rinçage,Un second étage rempli d’eau pour équilibrer le circuit
n2-detendeurs-compensation-001,cards/n2/16-detendeurs.yaml,Quel intérêt a la compensation d’un premier étage lorsque la pression du bloc diminue ?,Limiter l’effet de la haute pression sur la pression intermédiaire,Maintenir une pression absolue identique à toutes les profondeurs,Limiter les variations de pression ambiante au second étage
n2-detendeurs-eau-froide-001,cards/n2/16-detendeurs.yaml,Pourquoi ne suffit-il pas de choisir « un premier étage à membrane » pour une plongée en eau froide ?,Vérifier la certification et la configuration premier/second étage,La membrane garantit à elle seule la résistance au givrage,La connexion DIN garantit à elle seule la résistance au givrage
n2-detendeurs-soins-001,cards/n2/16-detendeurs.yaml,"Pourquoi sécher et ranger son détendeur loin de la chaleur, du soleil direct et des contraintes sur les flexibles ?",Limiter le vieillissement des élastomères et les contraintes sur les tuyaux,Empêcher le gaz enfermé de modifier durablement le réglage de MP,Empêcher le sel résiduel de se dissoudre pendant le stockage
n2-detendeurs-revision-001,cards/n2/16-detendeurs.yaml,Comment déterminer l’échéance d’entretien d’un détendeur plutôt que d’appliquer une fréquence unique à tous les modèles ?,"Notice, usage et anomalies ; contrôle anticipé si nécessaire",Révision tous les 2 ans pour tout modèle et toute intensité d’usage,Contrôle uniquement lors des requalifications du bloc utilisé
n2-detendeurs-debit-continu-001,cards/n2/16-detendeurs.yaml,Un détendeur se met en débit continu hors de la bouche. Pourquoi ce constat ne permet-il pas de diagnostiquer à lui seul un givrage ?,Venturi ou défaut mécanique peuvent aussi provoquer ce débit,Le débit continu démontre nécessairement un givrage,Un débit continu hors de la bouche ne consomme pas le gaz du bloc
n2-detendeurs-fuite-montage-001,cards/n2/16-detendeurs.yaml,Des bulles sortent au raccord bloc–premier étage après montage. Pourquoi faut-il contrôler l’étanchéité et le montage plutôt que serrer toujours plus fort ?,Un joint ou un raccord incorrect peut fuir malgré le serrage,La fuite prouve une pression de gonflage trop faible,Une hausse de moyenne pression se corrige en serrant le raccord HP
n2-detendeurs-inspiration-difficile-001,cards/n2/16-detendeurs.yaml,"Avant de plonger, respirer sur le détendeur demande un effort inhabituel. Que faut-il contrôler avant de décider de s’immerger ?","Vérifier gaz, ouverture et fonctionnement ; renoncer si le défaut persiste",S’immerger pour vérifier si la pression ambiante corrige le défaut,Valider le détendeur si son débit à la purge paraît suffisant
n2-detendeurs-incident-immersion-001,cards/n2/16-detendeurs.yaml,"En immersion, un débit continu persistant fait chuter rapidement la pression du bloc. Quelle priorité pour la palanquée ?",Assurer du gaz respirable et organiser une sortie contrôlée,Continuer en alternant respiration et fermeture du robinet,Isoler la palanquée puis identifier la panne avant de remonter
n2-detendeurs-bouche-001,cards/n2/16-detendeurs.yaml,"À 20 m dans le modèle 1 bar en surface et +1 bar/10 m, un détendeur a une MP de 9,5 bar au-dessus de l’ambiante. Délivre-t-il 12,5 bar absolus dans la bouche ?","Non : 12,5 bar dans le flexible, environ 3 bar à la bouche","Oui : 12,5 bar sont délivrés dans le flexible et à la bouche","Non : 9,5 bar sont délivrés à la bouche à toute profondeur"
n2-detendeurs-mp-vingt-001,cards/n2/16-detendeurs.yaml,"Modèle fictif : premier étage réglé à 9 bar au-dessus de l’ambiante, à 20 m. Prendre 1 bar en surface et +1 bar/10 m. Quelle est sa MP absolue ?",12 bar absolus,9 bar absolus,11 bar absolus
n2-detendeurs-mp-quarante-001,cards/n2/16-detendeurs.yaml,"Modèle fictif : à 40 m, la MP absolue vaut 14 bar. Prendre 1 bar en surface et +1 bar/10 m. Quelle est la MP relative à l’ambiante ?",9 bar au-dessus de l’ambiante,10 bar au-dessus de l’ambiante,14 bar au-dessus de l’ambiante
n2-competences-transversales-communication-001,cards/n2/17-competences-transversales.yaml,Deux équipiers utilisent des ordinateurs différents. Pourquoi convenir avant immersion de la façon de communiquer profondeur et durée des paliers ?,"Distinguer mètres, minutes et obligation encore active",Permettre à un ordinateur de recalculer le profil de l’autre,Remplacer les indications des appareils par un temps moyen
n2-competences-transversales-retour-001,cards/n2/17-competences-transversales.yaml,"Pourquoi faut-il prévoir le parcours de retour et une solution de sortie alternative avant de descendre, plutôt qu’attendre le seuil de réserve pour décider ?",Le retour et les imprévus nécessitent encore temps et gaz,La réserve doit financer uniquement les paliers à 3 m,Le parcours de retour se décide après l’épuisement du temps sans palier
n2-competences-transversales-reperes-001,cards/n2/17-competences-transversales.yaml,Pourquoi choisir plusieurs repères fixes alignés plutôt que suivre seulement une impression de direction sous l’eau ?,Ils aident à suivre une ligne et à détecter une dérive,Ils dispensent de tenir compte du courant au retour,Ils indiquent directement la profondeur de la sortie
n2-competences-transversales-cap-retour-001,cards/n2/17-competences-transversales.yaml,"Exercice d’orientation : trajet rectiligne à cap 70°, sans dérive ni obstacle. Quel cap réciproque permet de revenir sur la même ligne ?",250°,110°,290°
n2-competences-transversales-cap-retour-ouest-001,cards/n2/17-competences-transversales.yaml,"Exercice d’orientation : aller rectiligne à cap 300°, sans dérive ni obstacle. Quel cap réciproque correspond au retour ?",120°,180°,240°
n2-competences-transversales-separation-001,cards/n2/17-competences-transversales.yaml,Pourquoi convenir d’une procédure de perte de palanquée avant immersion plutôt que prolonger chacun une recherche improvisée ?,Limiter la recherche et organiser un rendez-vous et une alerte cohérents,Prolonger la recherche jusqu’à la réserve avant de remonter,Prévoir que chacun termine seul la plongée selon son ordinateur
n2-competences-transversales-renoncer-001,cards/n2/17-competences-transversales.yaml,"Le directeur de plongée vous autorise une exploration conforme à vos aptitudes, mais vous vous sentez inhabituellement fatigué et gêné pour respirer. Quelle décision vous appartient encore ?",Signaler son état et renoncer à l’immersion,S’immerger puisque le DP a validé les aptitudes,Attendre les premiers paliers pour signaler la gêne
n2-competences-transversales-paliers-profonds-air-001,cards/n2/17-competences-transversales.yaml,"En planification PA20 FFESSM à l’air, faut-il programmer des paliers profonds supplémentaires ?",Non : planifier sans paliers profonds supplémentaires à l’air,Oui : ajouter des arrêts profonds quel que soit le profil,Oui : remplacer les paliers peu profonds par des arrêts profonds
n2-lecture-pannes-eau-bouche-001,cards/n2/18-lecture-pannes.yaml,"De l’eau entre dans la bouche à l’inspiration sur un second étage. Quelles parties peuvent être en cause, au-delà de la seule purge ?","Embout, soupape d’expiration ou membrane du second étage","Manomètre, robinet et bouchon DIN du premier étage","Compensation, ressort MP et robinet du bloc uniquement"
n2-lecture-pannes-chambre-humide-001,cards/n2/18-lecture-pannes.yaml,"Dans un modèle de premier étage à piston dont la chambre humide est ouverte à l’eau, des bulles d’air sortent durablement par ses orifices. Que suggère ce passage de gaz ?",Une perte d’étanchéité entre circuit de gaz et chambre humide,L’évacuation normale d’air lors de chaque inspiration,L’ouverture normale de la soupape d’expiration du premier étage
n2-lecture-pannes-flexible-001,cards/n2/18-lecture-pannes.yaml,Un flexible présente une fissure ou un renflement visible. Pourquoi ne faut-il pas l’utiliser jusqu’à l’apparition d’une fuite importante ?,Il peut se rompre ou perdre rapidement le gaz,Le flexible fissuré ne risque qu’une hausse de pression intermédiaire,L’absence de fuite actuelle confirme sa tenue mécanique
