id,résolution indépendante,résultat exact,résultat décimal,unité,contrôle
n3-gaz-bar-minute-40-001,18 × (1+40/10) / 15,6,6.0,bar/min,vérifié — fractions exactes puis comparaison au corrigé
n3-gaz-bar-minute-55-001,22 × (1+55/10) / 12,143/12,11.916666666666666,bar/min,vérifié — fractions exactes puis comparaison au corrigé
n3-gaz-debit-reference-inverse-001,9 × 12 / (1+40/10),108/5,21.6,L/min à 1 bar,vérifié — fractions exactes puis comparaison au corrigé
n3-gaz-comparer-bar-minute-001,6 × 12 / 5 ; 6 × 15 / 5,72/5,14.4,A L/min à 1 bar,vérifié — fractions exactes puis comparaison au corrigé
n3-gaz-comparer-bar-minute-001,B,18,18.0,B L/min à 1 bar,vérifié — fractions exactes puis comparaison au corrigé
n3-gaz-trajet-partage-001,"∫ 70 × Pamb dt, 50→6 m en 4,4 min",5852/5,1170.4,L à 1 bar,vérifié — fractions exactes puis comparaison au corrigé
n3-gaz-paliers-partages-001,3 min à6 + 5 min à3,791,791.0,L à 1 bar,vérifié — fractions exactes puis comparaison au corrigé
n3-gaz-attente-profonde-001,1 min à50,420,420.0,L à 1 bar,vérifié — fractions exactes puis comparaison au corrigé
n3-gaz-retour-complet-001,Somme de six intégrales trapézoïdales,12362/5,2472.4,L à 1 bar,vérifié — fractions exactes puis comparaison au corrigé
n3-gaz-retour-pression-001,ceil(total/15 +20),185,185.0,bar,vérifié — fractions exactes puis comparaison au corrigé
n3-gaz-retour-deux-blocs-001,12 × (110−20),1080,1080.0,A L à 1 bar,vérifié — fractions exactes puis comparaison au corrigé
n3-gaz-retour-deux-blocs-001,15 × (110−20),1350,1350.0,B L à 1 bar,vérifié — fractions exactes puis comparaison au corrigé
n3-gaz-temps-fond-budget-001,(15 × (200−20)−1200)/(20 ×5),15,15.0,min,vérifié — fractions exactes puis comparaison au corrigé
n3-gaz-stress-sensibilite-001,1600 ×90/70,14400/7,2057.1428571428573,L à 1 bar,vérifié — fractions exactes puis comparaison au corrigé
n3-gaz-palier-maximal-001,"280 /(70 ×1,6)",5/2,2.5,min,vérifié — fractions exactes puis comparaison au corrigé
n3-gaz-bloc-limitant-001,(12 ×140−900)/100,39/5,7.8,A min,vérifié — fractions exactes puis comparaison au corrigé
n3-gaz-bloc-limitant-001,(15 ×120−1050)/100,15/2,7.5,B min,vérifié — fractions exactes puis comparaison au corrigé
n3-gaz-erreur-pression-constante-001,"∫ 20 ×Pamb dt, 50→0 en5 min",350,350.0,L à 1 bar,vérifié — fractions exactes puis comparaison au corrigé
n3-gaz-tiers-contre-exemple-001,12 ×100,1200,1200.0,L à 1 bar,vérifié — fractions exactes puis comparaison au corrigé
n3-gaz-meme-duree-001,2 min à40 +4 min à3,304,304.0,A L à 1 bar,vérifié — fractions exactes puis comparaison au corrigé
n3-gaz-meme-duree-001,4 min à40 +2 min à3,452,452.0,B L à 1 bar,vérifié — fractions exactes puis comparaison au corrigé
n3-planification-seuil-retour-001,70+20+10,100,100.0,bar,vérifié — fractions exactes puis comparaison au corrigé
n3-planification-palier-ajoute-001,"(400−3 ×20 ×1,6)/100",76/25,3.04,min,vérifié — fractions exactes puis comparaison au corrigé
n3-planification-trajet-ralenti-001,"∫4min − ∫2min, 40→20",160,160.0,L à 1 bar,vérifié — fractions exactes puis comparaison au corrigé
n3-planification-sortie-modifiee-001,2 min à20 +4 min à3,224,224.0,L à 1 bar,vérifié — fractions exactes puis comparaison au corrigé
n3-modeles-charge-une-periode-001,4 +(2−4) ×2^-1,3,3.0,bar,vérifié — fractions exactes puis comparaison au corrigé
n3-modeles-decharge-deux-periodes-001,1 +(3−1) ×2^-2,3/2,1.5,bar,vérifié — fractions exactes puis comparaison au corrigé
n3-modeles-droite-limite-001,"1+0,8 ×2",13/5,2.6,bar,vérifié — fractions exactes puis comparaison au corrigé
n3-modeles-gf-calcul-001,"1,6 +0,85 ×(2,4−1,6)",57/25,2.28,bar,vérifié — fractions exactes puis comparaison au corrigé
n3-risques-po2-60-001,"0,21 ×(1+60/10)",147/100,1.47,bar,vérifié — fractions exactes puis comparaison au corrigé
n3-secours-oxygene-autonomie-001,5 ×(200−20)/15,60,60.0,min,vérifié — fractions exactes puis comparaison au corrigé
n3-secours-oxygene-delai-001,(75+10) ×15−900,375,375.0,L,vérifié — fractions exactes puis comparaison au corrigé
n3-secours-oxygene-deux-victimes-001,2 ×15 ×40 /5+20,260,260.0,bar,vérifié — fractions exactes puis comparaison au corrigé
n3-materiel-blocs-flottabilite-001,18−16,2,2.0,A kg apparent,vérifié — fractions exactes puis comparaison au corrigé
n3-materiel-blocs-flottabilite-001,20−19,1,1.0,B kg apparent,vérifié — fractions exactes puis comparaison au corrigé
