id,apport_distinct,sources,fact_check,revue_pedagogique
n3-secours-noyade-ventilation-initiale-001,"Priorité ventilatoire, distincte de l’erreur consistant à vider les poumons ; aucun nombre initial extrapolé.","N3-S04 — RIFAP FFESSM, mai 2026, p.25–28 | N3-S13 — Références techniques nationales PSE, juillet 2026, p.113–115,143–145,273–274,305–308 ; vérifiées le 2026-10-07 | Revue PDF du 2026-10-07 : docs/reviews/n3/COMPLEMENTS_PDF_2026-10-07.md",pass,"QCM : une tâche, trois alternatives de même nature, vrai unique ; choix et corrigé relus"
n3-secours-rcp-adulte-alternance-001,"Alternance adulte, non interrogée par la reconnaissance des gasps.","N3-S04 — RIFAP FFESSM, mai 2026, p.24–28 | N3-S14 — Références techniques nationales PSC, juillet 2026, p.16–19,26–33,43–46 ; vérifiées le 2026-10-07 | Revue PDF du 2026-10-07 : docs/reviews/n3/COMPLEMENTS_PDF_2026-10-07.md",pass,"QCM : une tâche, trois alternatives de même nature, vrai unique ; choix et corrigé relus"
n3-secours-rcp-frequence-001,Repère de fréquence ; distinct du rapport compressions/ventilations.,"N3-S04 — RIFAP FFESSM, mai 2026, p.24–28 | N3-S14 — Références techniques nationales PSC, juillet 2026, p.16–19,26–33,43–46 ; vérifiées le 2026-10-07 | Revue PDF du 2026-10-07 : docs/reviews/n3/COMPLEMENTS_PDF_2026-10-07.md",pass,"QCM : une tâche, trois alternatives de même nature, vrai unique ; choix et corrigé relus"
n3-secours-rcp-profondeur-001,"Qualité mécanique, distincte de la cadence.","N3-S04 — RIFAP FFESSM, mai 2026, p.24–28 | N3-S14 — Références techniques nationales PSC, juillet 2026, p.16–19,26–33,43–46 ; vérifiées le 2026-10-07 | Revue PDF du 2026-10-07 : docs/reviews/n3/COMPLEMENTS_PDF_2026-10-07.md",pass,"QCM : une tâche, trois alternatives de même nature, vrai unique ; choix et corrigé relus"
n3-secours-oxygene-reservoir-mhc-001,"Mise en service du MHC, distincte du choix inhalation/insufflation.","N3-S04 — RIFAP FFESSM, mai 2026, p.25–28 | N3-S13 — Références techniques nationales PSE, juillet 2026, p.113–115,143–145,273–274,305–308 ; vérifiées le 2026-10-07 | Revue PDF du 2026-10-07 : docs/reviews/n3/COMPLEMENTS_PDF_2026-10-07.md",pass,"QCM : une tâche, trois alternatives de même nature, vrai unique ; choix et corrigé relus"
n3-secours-bavu-efficacite-001,Critère d’efficacité au BAVU ; ne répète pas la sélection du dispositif.,"N3-S04 — RIFAP FFESSM, mai 2026, p.25–28 | N3-S13 — Références techniques nationales PSE, juillet 2026, p.113–115,143–145,273–274,305–308 ; vérifiées le 2026-10-07 | Revue PDF du 2026-10-07 : docs/reviews/n3/COMPLEMENTS_PDF_2026-10-07.md",pass,"QCM : une tâche, trois alternatives de même nature, vrai unique ; choix et corrigé relus"
n3-secours-hemorragie-garrot-indication-001,"Décision en cas d’échec de compression, actuellement seulement évoquée au verso.","N3-S04 — RIFAP FFESSM, mai 2026, p.24–28 | N3-S14 — Références techniques nationales PSC, juillet 2026, p.16–19,26–33,43–46 ; vérifiées le 2026-10-07 | Revue PDF du 2026-10-07 : docs/reviews/n3/COMPLEMENTS_PDF_2026-10-07.md",pass,"QCM : une tâche, trois alternatives de même nature, vrai unique ; choix et corrigé relus"
n3-secours-plaie-objet-penetrant-001,"Plaie pénétrante, distincte de l’hémorragie sans objet.","N3-S04 — RIFAP FFESSM, mai 2026, p.24–28 | N3-S14 — Références techniques nationales PSC, juillet 2026, p.16–19,26–33,43–46 ; vérifiées le 2026-10-07 | Revue PDF du 2026-10-07 : docs/reviews/n3/COMPLEMENTS_PDF_2026-10-07.md",pass,"QCM : une tâche, trois alternatives de même nature, vrai unique ; choix et corrigé relus"
n3-secours-brulure-refroidissement-001,"Brûlure thermique : action initiale, absente du catalogue.","N3-S04 — RIFAP FFESSM, mai 2026, p.24–28 | N3-S14 — Références techniques nationales PSC, juillet 2026, p.16–19,26–33,43–46 ; vérifiées le 2026-10-07 | Revue PDF du 2026-10-07 : docs/reviews/n3/COMPLEMENTS_PDF_2026-10-07.md",pass,"QCM : une tâche, trois alternatives de même nature, vrai unique ; choix et corrigé relus"
n3-secours-meduse-rincage-001,"Cas local précis, sans généraliser à toutes les espèces ni confondre rinçage initial et application ultérieure de chaleur.","N3-S04 — RIFAP FFESSM, mai 2026, p.25–28 | N3-S13 — Références techniques nationales PSE, juillet 2026, p.113–115,143–145,273–274,305–308 ; vérifiées le 2026-10-07 | Revue PDF du 2026-10-07 : docs/reviews/n3/COMPLEMENTS_PDF_2026-10-07.md",pass,"QCM : une tâche, trois alternatives de même nature, vrai unique ; choix et corrigé relus"
n3-orientation-tour-horizon-trois-metres-001,Repère de fin de remontée distinct du lancement du parachute.,"N3-S01 — MFT N3 FFESSM, décembre 2025, p.4,9,11,14 ; PDF local, vérifié le 2026-10-07 | Revue PDF du 2026-10-07 : docs/reviews/n3/COMPLEMENTS_PDF_2026-10-07.md",pass,"QCM : une tâche, trois alternatives de même nature, vrai unique ; choix et corrigé relus"
n3-milieu-nourrissage-001,"Refus du nourrissage, distinct du prélèvement et de l’éclairage.","N3-S01 — MFT N3 FFESSM, décembre 2025, p.4,9,11,14 ; PDF local, vérifié le 2026-10-07 | Revue PDF du 2026-10-07 : docs/reviews/n3/COMPLEMENTS_PDF_2026-10-07.md",pass,"QCM : une tâche, trois alternatives de même nature, vrai unique ; choix et corrigé relus"
n3-milieu-discretion-sonore-001,Dérangement sonore et comportemental ; ne redemande pas le réglage de la lampe.,"N3-S01 — MFT N3 FFESSM, décembre 2025, p.4,9,11,14 ; PDF local, vérifié le 2026-10-07 | Revue PDF du 2026-10-07 : docs/reviews/n3/COMPLEMENTS_PDF_2026-10-07.md",pass,"QCM : une tâche, trois alternatives de même nature, vrai unique ; choix et corrigé relus"
n3-milieu-sar-tete-noire-001,"Reconnaissance morphologique de trois espèces voisines, complément aux deux espèces actuelles.","FFESSM DORIS — Diplodus vulgaris, clé d’identification et espèces ressemblantes : https://doris.ffessm.fr/Especes/Diplodus-vulgaris-Sar-a-tete-noire-161 ; consulté le 2026-10-07 | Revue PDF du 2026-10-07 : docs/reviews/n3/COMPLEMENTS_PDF_2026-10-07.md",pass,"QCM : une tâche, trois alternatives de même nature, vrai unique ; choix et corrigé relus"
n3-milieu-girelle-male-001,"Reconnaissance et variation de livrée, pas seulement un nouveau nom.","FFESSM DORIS — Coris julis, clé et espèces ressemblantes : https://doris.ffessm.fr/Especes/Coris-julis-Girelle-commune-651 ; consulté le 2026-10-07 | Revue PDF du 2026-10-07 : docs/reviews/n3/COMPLEMENTS_PDF_2026-10-07.md",pass,"QCM : une tâche, trois alternatives de même nature, vrai unique ; choix et corrigé relus"
n3-milieu-spirographe-001,Distinguer un ver tubicole d’une anémone ; élargit les groupes reconnus.,"FFESSM DORIS — Sabella spallanzanii, description et classification : https://doris.ffessm.fr/Especes/Sabella-spallanzanii-Spirographe-403 ; consulté le 2026-10-07 | Revue PDF du 2026-10-07 : docs/reviews/n3/COMPLEMENTS_PDF_2026-10-07.md",pass,"QCM : une tâche, trois alternatives de même nature, vrai unique ; choix et corrigé relus"
n3-modeles-profil-inverse-001,Reconnaître une succession inversée sans déclarer toute plongée successive dangereuse.,"N3-S01 — MFT N3 FFESSM, décembre 2025, p.4,9,11,14 ; PDF local, vérifié le 2026-10-07 | Revue PDF du 2026-10-07 : docs/reviews/n3/COMPLEMENTS_PDF_2026-10-07.md",pass,"QCM : une tâche, trois alternatives de même nature, vrai unique ; choix et corrigé relus"
n3-modeles-acclimatation-001,Concept physiologique distinct de la reprise d’aisance ; limite de portée intégrée.,"N3-S01 — MFT N3 FFESSM, décembre 2025, p.4,9,11,14 ; PDF local, vérifié le 2026-10-07 | Influence of repeated daily diving on decompression stress, 2013 : https://pubmed.ncbi.nlm.nih.gov/23771833/ | Acclimatization to diving: a systematic review, 2021 : https://pubmed.ncbi.nlm.nih.gov/33975403/ ; vérifiés le 2026-10-07 | Revue PDF du 2026-10-07 : docs/reviews/n3/COMPLEMENTS_PDF_2026-10-07.md",pass,"QCM : une tâche, trois alternatives de même nature, vrai unique ; choix et corrigé relus"
n3-formation-delai-competences-001,Délai administratif propre au N3.,"N3-S01 — MFT N3 FFESSM, décembre 2025, p.4,9,11,14 ; PDF local, vérifié le 2026-10-07 | Revue PDF du 2026-10-07 : docs/reviews/n3/COMPLEMENTS_PDF_2026-10-07.md",pass,"QCM : une tâche, trois alternatives de même nature, vrai unique ; choix et corrigé relus"
n3-formation-validation-milieu-001,"Différence milieu naturel/fosse pour la validation, distincte du niveau d’enseignant.","N3-S01 — MFT N3 FFESSM, décembre 2025, p.4,9,11,14 ; PDF local, vérifié le 2026-10-07 | Revue PDF du 2026-10-07 : docs/reviews/n3/COMPLEMENTS_PDF_2026-10-07.md",pass,"QCM : une tâche, trois alternatives de même nature, vrai unique ; choix et corrigé relus"
n3-formation-delivrance-responsabilite-001,Responsabilité de délivrance distincte de l’encadrement technique.,"N3-S01 — MFT N3 FFESSM, décembre 2025, p.4,9,11,14 ; PDF local, vérifié le 2026-10-07 | Revue PDF du 2026-10-07 : docs/reviews/n3/COMPLEMENTS_PDF_2026-10-07.md",pass,"QCM : une tâche, trois alternatives de même nature, vrai unique ; choix et corrigé relus"
n3-risques-hyperoxie-cerveau-001,"Approfondissement hyperoxie, distinct du calcul PO2 et sans procédure de crise/nitrox extrapolée.","N3-S07 — accidents 1 Grenoble, p.39–40, source secondaire ancienne | DAN — Emergency Oxygen and Oxygen Toxicity : https://dan.org/alert-diver/article/emergency-oxygen-and-oxygen-toxicity/ ; vérifié le 2026-10-07 | Revue PDF du 2026-10-07 : docs/reviews/n3/COMPLEMENTS_PDF_2026-10-07.md",pass,"QCM : une tâche, trois alternatives de même nature, vrai unique ; choix et corrigé relus"
