objectif,tâche prévue,issue,id_permanent,justification
N3-01-01,Distinguer la profondeur d’autonomie N3 avec DP et sans DP.,création,n3-prerogatives-dp-001,"Même tâche ou contrainte intégrée à cette carte, sans recto supplémentaire."
N3-01-02,Décider si une exploration à 50 m est admissible sans DP pour trois N3 majeurs.,fusion,n3-prerogatives-dp-001,"Même tâche ou contrainte intégrée à cette carte, sans recto supplémentaire."
N3-01-03,Distinguer obtenir le N3 à 17 ans et exercer l’autonomie au-delà de 40 m à 18 ans.,création,n3-prerogatives-age-001,"Même tâche ou contrainte intégrée à cette carte, sans recto supplémentaire."
N3-01-04,Déterminer les conditions de participation d’un N3 de 17 ans à une palanquée autonome à 40 m.,création,n3-prerogatives-mineur-001,"Même tâche ou contrainte intégrée à cette carte, sans recto supplémentaire."
N3-01-05,"Distinguer PA40, PE60 et N3 pour un candidat qui ne possède qu’une qualification isolée.",création,n3-prerogatives-qualifications-001,"Même tâche ou contrainte intégrée à cette carte, sans recto supplémentaire."
N3-01-06,Identifier le prérequis de certification d’entrée en formation N3 FFESSM.,création,n3-formation-prerequis-001,"Même tâche ou contrainte intégrée à cette carte, sans recto supplémentaire."
N3-01-07,Situer l’exigence RIFAP dans la délivrance du N3 plutôt que l’inventer pour toute entrée en formation.,création,n3-formation-rifap-001,"Même tâche ou contrainte intégrée à cette carte, sans recto supplémentaire."
N3-01-08,Distinguer N3/CMAS 3* et fonction de guide de palanquée en France.,création,n3-prerogatives-guide-001,"Même tâche ou contrainte intégrée à cette carte, sans recto supplémentaire."
N3-01-09,Déterminer l’effectif et les aptitudes nécessaires pour une exploration autonome à 55 m.,création,n3-prerogatives-effectif-001,"Même tâche ou contrainte intégrée à cette carte, sans recto supplémentaire."
N3-01-10,Traiter une palanquée N3 + PA40 souhaitant descendre à 50 m.,création,n3-prerogatives-aptitude-limitante-001,"Même tâche ou contrainte intégrée à cette carte, sans recto supplémentaire."
N3-01-11,"Distinguer autonomie, direction de plongée et encadrement à partir des fonctions exercées.",création,n3-prerogatives-fonctions-001,"Même tâche ou contrainte intégrée à cette carte, sans recto supplémentaire."
N3-01-12,Distinguer responsabilité civile et responsabilité pénale dans un incident d’organisation.,création,n3-responsabilites-civile-penale-001,"Même tâche ou contrainte intégrée à cette carte, sans recto supplémentaire."
N3-01-13,Déterminer les conditions d’une sortie sans DP organisée par un établissement.,création,n3-organisation-exploitant-001,"Même tâche ou contrainte intégrée à cette carte, sans recto supplémentaire."
N3-01-14,Distinguer exploration et formation technique dans l’espace 40–60 m.,création,n3-formation-espace-profond-001,"Même tâche ou contrainte intégrée à cette carte, sans recto supplémentaire."
N3-02-01,Identifier ce qui manque à une organisation sans DP dont seul le profil sous-marin est prévu.,création,n3-organisation-recuperation-001,"Même tâche ou contrainte intégrée à cette carte, sans recto supplémentaire."
N3-02-02,Choisir entre deux sites en fonction du vent prévu et de leur exposition réelle.,création,n3-organisation-vent-site-001,"Même tâche ou contrainte intégrée à cette carte, sans recto supplémentaire."
N3-02-03,Distinguer direction du vent et direction de propagation de la houle dans le choix du site.,création,n3-organisation-vent-houle-001,"Même tâche ou contrainte intégrée à cette carte, sans recto supplémentaire."
N3-02-04,Réévaluer une sortie si les conditions de récupération se dégradent malgré un fond abrité.,création,n3-organisation-surface-limitante-001,"Même tâche ou contrainte intégrée à cette carte, sans recto supplémentaire."
N3-02-05,Interpréter une fenêtre de marée/courant à partir d’informations locales fournies.,création,n3-organisation-fenetre-courant-001,"Même tâche ou contrainte intégrée à cette carte, sans recto supplémentaire."
N3-02-06,Choisir une sortie de repli atteignable dans un scénario où le retour prévu est compromis.,création,n3-organisation-sortie-repli-001,"Même tâche ou contrainte intégrée à cette carte, sans recto supplémentaire."
N3-02-07,Déterminer les informations à communiquer à une personne restée à terre.,création,n3-organisation-contact-terre-001,"Même tâche ou contrainte intégrée à cette carte, sans recto supplémentaire."
N3-02-08,Définir une rotation de palanquées permettant de conserver une surveillance de surface.,création,n3-organisation-rotation-001,"Même tâche ou contrainte intégrée à cette carte, sans recto supplémentaire."
N3-02-09,Identifier le problème d’une mise à l’eau générale laissant un bateau dériver sans récupération organisée.,fusion,n3-organisation-rotation-001,"Même tâche ou contrainte intégrée à cette carte, sans recto supplémentaire."
N3-02-10,Renseigner les paramètres prévus puis réalisés d’une fiche de sécurité sans DP.,reprise,n2-organisation-fiche-securite-001,Contexte adapté : fiche avec DP et rédaction dans l’organisation N3 sans DP enseignée par le MFT.
N3-02-11,Choisir un moyen de communication adapté à un site où le téléphone ne couvre pas la zone.,reprise,n2-organisation-vhf-001,VHF bateau en mer déjà couverte ; téléphone/canaux intérieurs complétés en N3-10-16.
N3-02-12,Vérifier la capacité réelle d’oxygène au regard d’un délai de secours annoncé.,fusion,n3-secours-oxygene-delai-001,"Même tâche ou contrainte intégrée à cette carte, sans recto supplémentaire."
N3-02-13,"Distinguer armement du bateau, matériel de secours de plongée et équipement individuel.",création,n3-organisation-equipements-distincts-001,"Même tâche ou contrainte intégrée à cette carte, sans recto supplémentaire."
N3-02-14,Rechercher les règles locales de mouillage et d’accès avant une sortie sur zone protégée.,fusion,n3-organisation-regles-locales-001,"Même tâche ou contrainte intégrée à cette carte, sans recto supplémentaire."
N3-03-01,"Hiérarchiser les limites d’une plongée : aptitude, consigne DP, gaz, désaturation, milieu.",création,n3-planification-limite-effective-001,"Même tâche ou contrainte intégrée à cette carte, sans recto supplémentaire."
N3-03-02,Fixer un critère de fin d’exploration avant que la réserve de remontée soit atteinte.,création,n3-planification-seuil-retour-001,"Même tâche ou contrainte intégrée à cette carte, sans recto supplémentaire."
N3-03-03,"Choisir le membre limitant avec blocs, consommations et obligations de remontée différents.",fusion,n3-gaz-bloc-limitant-001,"Même tâche ou contrainte intégrée à cette carte, sans recto supplémentaire."
N3-03-04,Réévaluer le temps de fond lorsqu’un palier supplémentaire apparaît.,création,n3-planification-palier-ajoute-001,"Même tâche ou contrainte intégrée à cette carte, sans recto supplémentaire."
N3-03-05,"Distinguer palier obligatoire, palier de sécurité et temps de trajet dans un plan de retour.",création,n3-planification-arret-obligatoire-001,"Même tâche ou contrainte intégrée à cette carte, sans recto supplémentaire."
N3-03-06,Définir une limite commune de DTR en tenant compte du gaz et des procédures de chacun.,création,n3-planification-dtr-collective-001,"Même tâche ou contrainte intégrée à cette carte, sans recto supplémentaire."
N3-03-07,Traiter un profil multi-niveaux dont une remontée intermédiaire devient beaucoup plus lente que prévu.,création,n3-planification-trajet-ralenti-001,"Même tâche ou contrainte intégrée à cette carte, sans recto supplémentaire."
N3-03-08,Identifier une redescente tardive ajoutée à un profil initialement prévu sans elle.,création,n3-planification-redescente-001,"Même tâche ou contrainte intégrée à cette carte, sans recto supplémentaire."
N3-03-09,Adapter le briefing à un équipier qui reprend après une longue interruption.,création,n3-planification-reprise-001,"Même tâche ou contrainte intégrée à cette carte, sans recto supplémentaire."
N3-03-10,Réviser le plan lorsqu’un équipier devient froid ou fatigué avant le critère chiffré prévu.,fusion,n3-risques-contraintes-cumulees-001,"Même tâche ou contrainte intégrée à cette carte, sans recto supplémentaire."
N3-03-11,Définir ce qui doit être communiqué si l’ordinateur impose une nouvelle profondeur de palier.,création,n3-planification-communication-palier-001,"Même tâche ou contrainte intégrée à cette carte, sans recto supplémentaire."
N3-03-12,Analyser un changement de sortie qui augmente à la fois trajet et durée de décompression.,création,n3-planification-sortie-modifiee-001,"Même tâche ou contrainte intégrée à cette carte, sans recto supplémentaire."
N3-04-01,Passer d’un débit de référence à 1 bar à une baisse de pression en bar/min à 40 m.,création,n3-gaz-bar-minute-40-001,"Même tâche ou contrainte intégrée à cette carte, sans recto supplémentaire."
N3-04-02,Refaire la conversion en bar/min à 55 m avec un autre volume de bloc.,création,n3-gaz-bar-minute-55-001,"Même tâche ou contrainte intégrée à cette carte, sans recto supplémentaire."
N3-04-03,Retrouver le débit de référence à partir d’une consommation en bar/min à profondeur donnée.,création,n3-gaz-debit-reference-inverse-001,"Même tâche ou contrainte intégrée à cette carte, sans recto supplémentaire."
N3-04-04,Comparer deux plongeurs dont les baisses en bar/min sont identiques mais les blocs différents.,création,n3-gaz-comparer-bar-minute-001,"Même tâche ou contrainte intégrée à cette carte, sans recto supplémentaire."
N3-04-05,Calculer la consommation d’un trajet de remontée linéaire de 50 à 6 m.,création,n3-gaz-trajet-partage-001,"Même tâche ou contrainte intégrée à cette carte, sans recto supplémentaire."
N3-04-06,Ajouter un palier à 6 m puis à 3 m au budget d’un trajet de remontée donné.,création,n3-gaz-paliers-partages-001,"Même tâche ou contrainte intégrée à cette carte, sans recto supplémentaire."
N3-04-07,Calculer le gaz utilisé pendant une attente profonde avant le début d’une remontée assistée.,création,n3-gaz-attente-profonde-001,"Même tâche ou contrainte intégrée à cette carte, sans recto supplémentaire."
N3-04-08,Calculer le gaz nécessaire à deux équipiers pour un trajet et des paliers fournis.,création,n3-gaz-retour-complet-001,"Même tâche ou contrainte intégrée à cette carte, sans recto supplémentaire."
N3-04-09,Convertir le volume nécessaire au retour à deux en pression minimale dans le bloc donneur.,création,n3-gaz-retour-pression-001,"Même tâche ou contrainte intégrée à cette carte, sans recto supplémentaire."
N3-04-10,Comparer deux réserves à pression identique pour une remontée à deux.,création,n3-gaz-retour-deux-blocs-001,"Même tâche ou contrainte intégrée à cette carte, sans recto supplémentaire."
N3-04-11,"Déterminer la pression de départ du fond à partir du retour, d’une attente et d’une marge imposée.",fusion,n3-gaz-retour-pression-001,"Même tâche ou contrainte intégrée à cette carte, sans recto supplémentaire."
N3-04-12,Retrouver le temps de fond compatible avec un budget déjà diminué du retour complet.,création,n3-gaz-temps-fond-budget-001,"Même tâche ou contrainte intégrée à cette carte, sans recto supplémentaire."
N3-04-13,Calculer le besoin supplémentaire si les débits de stress augmentent pendant le retour partagé.,création,n3-gaz-stress-sensibilite-001,"Même tâche ou contrainte intégrée à cette carte, sans recto supplémentaire."
N3-04-14,Trouver un temps de palier supplémentaire maximal dans un budget fictif restant.,création,n3-gaz-palier-maximal-001,"Même tâche ou contrainte intégrée à cette carte, sans recto supplémentaire."
N3-04-15,Choisir le bloc limitant dans une palanquée après conversion de tous les retours en pressions.,création,n3-gaz-bloc-limitant-001,"Même tâche ou contrainte intégrée à cette carte, sans recto supplémentaire."
N3-04-16,Détecter une erreur consistant à utiliser la consommation à 50 m pour tout le trajet et tous les paliers.,création,n3-gaz-erreur-pression-constante-001,"Même tâche ou contrainte intégrée à cette carte, sans recto supplémentaire."
N3-04-17,"Détecter l’oubli du temps d’attente, des deux consommateurs ou de la marge finale.",fusion,n3-gaz-attente-profonde-001,"Même tâche ou contrainte intégrée à cette carte, sans recto supplémentaire."
N3-04-18,Interpréter une différence entre prévision et consommation observée en immersion.,création,n3-gaz-mesure-reevaluation-001,"Même tâche ou contrainte intégrée à cette carte, sans recto supplémentaire."
N3-04-19,Expliquer pourquoi une fraction fixe du bloc ne garantit pas le retour à deux pour tout profil.,création,n3-gaz-tiers-contre-exemple-001,"Même tâche ou contrainte intégrée à cette carte, sans recto supplémentaire."
N3-04-20,Comparer deux retours de même DTR mais de profondeurs et paliers différents.,création,n3-gaz-meme-duree-001,"Même tâche ou contrainte intégrée à cette carte, sans recto supplémentaire."
N3-05-01,Distinguer compartiment mathématique et organe anatomique.,création,n3-modeles-compartiment-001,"Même tâche ou contrainte intégrée à cette carte, sans recto supplémentaire."
N3-05-02,Définir la période d’un compartiment pour un écart à l’équilibre sous conditions constantes.,création,n3-modeles-periode-001,"Même tâche ou contrainte intégrée à cette carte, sans recto supplémentaire."
N3-05-03,Calculer la fraction d’un écart comblée après une période.,création,n3-modeles-charge-une-periode-001,"Même tâche ou contrainte intégrée à cette carte, sans recto supplémentaire."
N3-05-04,Calculer la fraction d’un écart restante après deux périodes.,création,n3-modeles-decharge-deux-periodes-001,"Même tâche ou contrainte intégrée à cette carte, sans recto supplémentaire."
N3-05-05,Comparer compartiment rapide et lent sur un changement bref de pression inspirée.,création,n3-modeles-rapide-lent-001,"Même tâche ou contrainte intégrée à cette carte, sans recto supplémentaire."
N3-05-06,"Distinguer saturation, sous-saturation et sursaturation sur trois états donnés.",création,n3-modeles-etats-001,"Même tâche ou contrainte intégrée à cette carte, sans recto supplémentaire."
N3-05-07,Identifier le compartiment limitant dans un exemple de deux contraintes de remontée.,création,n3-modeles-compartiment-limitant-001,"Même tâche ou contrainte intégrée à cette carte, sans recto supplémentaire."
N3-05-08,Interpréter une M-value comme limite du modèle pour une pression ambiante donnée.,création,n3-modeles-m-value-001,"Même tâche ou contrainte intégrée à cette carte, sans recto supplémentaire."
N3-05-09,Lire un graphique pression ambiante/pression du gaz inerte avec droite limite.,création,n3-modeles-droite-limite-001,"Même tâche ou contrainte intégrée à cette carte, sans recto supplémentaire."
N3-05-10,Expliquer ce que réduit un gradient factor par rapport à la limite du modèle.,reprise,n2-ordinateurs-gf-principe-001,"Principe GF partagé, calcul distinct en N3-05-11."
N3-05-11,"Calculer une limite fictive avec Pamb, M et un GF donnés.",création,n3-modeles-gf-calcul-001,"Même tâche ou contrainte intégrée à cette carte, sans recto supplémentaire."
N3-05-12,Distinguer le rôle de GF bas et GF haut dans une stratégie de remontée.,création,n3-modeles-gf-bas-haut-001,"Même tâche ou contrainte intégrée à cette carte, sans recto supplémentaire."
N3-05-13,Relier le repère FFESSM pour la plongée à l’air au contexte N3.,reprise,n2-ordinateurs-gf-air-ffessm-001,"Même repère MFT N2/N3 air : 85/85 à90/90, sans l’étendre aux mélanges."
N3-05-14,"Distinguer Bühlmann, ZHL-16C et stratégie GF.",création,n3-modeles-buhlmann-zhl-gf-001,"Même tâche ou contrainte intégrée à cette carte, sans recto supplémentaire."
N3-05-15,Distinguer principes d’un modèle à gaz dissous et prise en compte des bulles dans une implémentation RGBM.,création,n3-modeles-rgbm-001,"Même tâche ou contrainte intégrée à cette carte, sans recto supplémentaire."
N3-05-16,"Distinguer azote résiduel, majoration MN90 et mémoire d’un ordinateur lors d’une successive.",création,n3-modeles-successives-001,"Même tâche ou contrainte intégrée à cette carte, sans recto supplémentaire."
N3-05-17,Comprendre qu’un GF affiché n’est pas un pourcentage de risque personnel d’ADD.,fusion,n2-ordinateurs-gf-principe-001,"Doublon retiré avant publication : la carte commune oppose déjà GF, M-value et risque personnel."
N3-06-01,"Interpréter ensemble profondeur courante, plafond et durée du prochain arrêt sur un écran simulé.",création,n3-ordinateur-arret-ceil-001,"Même tâche ou contrainte intégrée à cette carte, sans recto supplémentaire."
N3-06-02,"Distinguer NDL, temps du palier courant et DTR/TTS sur un écran à plusieurs champs.",création,n3-ordinateur-tts-arret-001,"Même tâche ou contrainte intégrée à cette carte, sans recto supplémentaire."
N3-06-03,Comparer deux écrans avec plafonds et contraintes de remontée différents.,reprise,n2-ordinateurs-plafonds-differents-001,"Plafonds différents déjà traités, distinct des durées au même palier."
N3-06-04,Gérer des durées de paliers différentes à une profondeur compatible avec les deux appareils.,création,n3-ordinateur-paliers-communs-001,"Même tâche ou contrainte intégrée à cette carte, sans recto supplémentaire."
N3-06-05,Expliquer l’effet d’un réglage GF différent sur les contraintes communes de la palanquée.,création,n3-ordinateur-gf-cohabitation-001,"Même tâche ou contrainte intégrée à cette carte, sans recto supplémentaire."
N3-06-06,Interpréter le mode planification d’un modèle donné avec un historique résiduel.,création,n3-ordinateur-planificateur-residuel-001,"Même tâche ou contrainte intégrée à cette carte, sans recto supplémentaire."
N3-06-07,Identifier une incohérence de mélange sélectionné sur un écran d’ordinateur emprunté.,création,n3-ordinateur-gaz-absent-001,"Même tâche ou contrainte intégrée à cette carte, sans recto supplémentaire."
N3-06-08,Distinguer affichage de profondimètre et calcul actif de désaturation.,création,n3-ordinateur-profondimetre-001,"Même tâche ou contrainte intégrée à cette carte, sans recto supplémentaire."
N3-06-09,Définir avant immersion la conduite commune si l’un des ordinateurs tombe en panne.,création,n3-ordinateur-panne-briefing-001,"Même tâche ou contrainte intégrée à cette carte, sans recto supplémentaire."
N3-06-10,Distinguer une alarme de vitesse normale des critères fédéraux de remontée anormale.,reprise,n2-ordinateurs-alarme-vitesse-001;n2-remontees-anormales-seuil-001,"Alarme fabricant et critère CTN distincts : fusion des deux rappels, aucun nouveau seuil."
N3-06-11,Comprendre ce que peut et ne peut pas prévoir une DTR dans des conditions modifiées.,création,n3-ordinateur-tts-variation-001,"Même tâche ou contrainte intégrée à cette carte, sans recto supplémentaire."
N3-07-01,"Reprendre profil carré, durée, arrondis et domaine des MN90.",reprise,n2-tables-profil-carre-001;n2-tables-duree-001;n2-tables-arrondis-001;n2-tables-domaine-001,"Reprise complétée par onze objectifs de lecture/calcul/règles, dans le même fichier N2."
N3-07-02,"Reprendre GPS, majoration et lecture des successives avec un extrait fourni.",reprise,n2-tables-gps-001;n2-tables-majoration-001;n2-tables-variables-001;n2-tables-successive-001,"Successives, arrondis et durée réelle maximale déjà exercés."
N3-07-03,Relier un résultat de lecture de tables au budget de gaz d’une remontée fournie.,fusion,n3-planification-palier-ajoute-001;n3-gaz-retour-complet-001,Lecture de table via cartes communes ; application du résultat au gaz via arrêt fourni et budget complet. Pas de scénario recombinant ces deux seules opérations.
N3-08-01,Distinguer augmentation de densité du gaz et augmentation de pression partielle dans les risques profonds.,création,n3-risques-densite-partielle-001,"Même tâche ou contrainte intégrée à cette carte, sans recto supplémentaire."
N3-08-02,Calculer une pression partielle à 60 m dans un modèle d’air explicitement donné.,création,n3-risques-po2-60-001,"Même tâche ou contrainte intégrée à cette carte, sans recto supplémentaire."
N3-08-03,Relier une tâche cognitive complexe à une marge réduite sous narcose.,reprise,n2-narcose-equipier-001,Reconnaissance/intervention partagées ; contraintes combinées N3-08-09.
N3-08-04,Interpréter une gêne respiratoire qui persiste malgré l’arrêt de l’effort.,création,n3-risques-dyspnee-persistante-001,"Même tâche ou contrainte intégrée à cette carte, sans recto supplémentaire."
N3-08-05,Définir l’œdème pulmonaire d’immersion avec un mécanisme simple vérifié.,création,n3-risques-opi-mecanisme-001,"Même tâche ou contrainte intégrée à cette carte, sans recto supplémentaire."
N3-08-06,Reconnaître un faisceau de signes évocateurs d’OPI en immersion ou au retour.,création,n3-risques-opi-signes-001,"Même tâche ou contrainte intégrée à cette carte, sans recto supplémentaire."
N3-08-07,Choisir les priorités devant une suspicion d’OPI sans attendre un diagnostic sur le bateau.,création,n3-risques-opi-priorites-001,"Même tâche ou contrainte intégrée à cette carte, sans recto supplémentaire."
N3-08-08,"Distinguer accident de désaturation, barotraumatisme pulmonaire et OPI sans retarder le secours.",fusion,n3-risques-dyspnee-persistante-001,"Même tâche ou contrainte intégrée à cette carte, sans recto supplémentaire."
N3-08-09,Évaluer l’effet combiné froid + effort + profondeur sur une fin de plongée.,création,n3-risques-contraintes-cumulees-001,"Même tâche ou contrainte intégrée à cette carte, sans recto supplémentaire."
N3-08-10,Repérer un possible problème de gaz commun à plusieurs plongeurs.,reprise,n2-essoufflement-air-pollue-001,Gaz commun et décision d’arrêt couverts sans diagnostic certain de CO.
N3-09-01,Reconnaître un besoin d’assistance sans signe volontaire de l’équipier.,création,n3-assistance-sans-signe-001,"Même tâche ou contrainte intégrée à cette carte, sans recto supplémentaire."
N3-09-02,Distinguer aide à un plongeur conscient coopératif et assistance à un plongeur qui ne réagit plus.,création,n3-assistance-cooperation-001,"Même tâche ou contrainte intégrée à cette carte, sans recto supplémentaire."
N3-09-03,Identifier les informations de gaz à transmettre quand un équipier utilise la source du donneur.,création,n3-assistance-stock-donneur-001,"Même tâche ou contrainte intégrée à cette carte, sans recto supplémentaire."
N3-09-04,Relier une remontée assistée à la dilatation du gaz dans les deux équipements.,création,n3-assistance-flottabilite-double-001,"Même tâche ou contrainte intégrée à cette carte, sans recto supplémentaire."
N3-09-05,Identifier une décision qui rompt la cohésion pendant une assistance à trois plongeurs.,création,n3-assistance-troisieme-001,"Même tâche ou contrainte intégrée à cette carte, sans recto supplémentaire."
N3-09-06,Déterminer les priorités lors d’une assistance avec décompression obligatoire et gaz limité.,création,n3-assistance-gaz-palier-insuffisant-001,"Même tâche ou contrainte intégrée à cette carte, sans recto supplémentaire."
N3-09-07,"Distinguer profondeur d’exercice, vitesse attendue pendant l’exercice et règles ordinaires de remontée.",écarté,,"Tolérance d’évaluation réservée à la formation pratique, sans nouvelle règle de remontée en exploration. Aucun manque théorique : règles fabricant/CTN et flottabilité couvertes."
N3-09-08,Sécuriser la flottabilité et les voies aériennes au retour en surface.,création,n3-assistance-surface-001,"Même tâche ou contrainte intégrée à cette carte, sans recto supplémentaire."
N3-10-01,Répartir les tâches de secours selon les compétences disponibles sur un bateau.,création,n3-secours-repartition-001,"Même tâche ou contrainte intégrée à cette carte, sans recto supplémentaire."
N3-10-02,Contrôler le retour de toutes les palanquées pendant la prise en charge d’un accidenté.,fusion,n3-secours-repartition-001,"Même tâche ou contrainte intégrée à cette carte, sans recto supplémentaire."
N3-10-03,Recueillir et conserver les ordinateurs/paramètres utiles de la palanquée.,reprise,n2-add-transmission-001,"Paramètres et faits à transmettre déjà partagés, localisation et évolution complétées en N3."
N3-10-04,"Distinguer bilan vital, diagnostic médical et recueil des paramètres de plongée.",création,n3-secours-bilan-diagnostic-001,"Même tâche ou contrainte intégrée à cette carte, sans recto supplémentaire."
N3-10-05,Choisir la prise en charge initiale d’une victime consciente avec gêne respiratoire.,reprise,n2-add-position-001;n3-risques-opi-priorites-001,"Position de confort/assise si dyspnée, oxygène et alerte : pas de recto supplémentaire."
N3-10-06,Distinguer victime inconsciente qui respire normalement et absence de respiration normale.,création,n3-secours-gasp-001,"Même tâche ou contrainte intégrée à cette carte, sans recto supplémentaire."
N3-10-07,Comprendre les spécificités d’une noyade dans une prise en charge de secours.,création,n3-secours-noyade-eau-001,"Même tâche ou contrainte intégrée à cette carte, sans recto supplémentaire."
N3-10-08,Reconnaître une hémorragie importante dans un accident sur bateau ou épave.,création,n3-secours-hemorragie-001,"Même tâche ou contrainte intégrée à cette carte, sans recto supplémentaire."
N3-10-09,Reconnaître une situation de traumatisme qui exige de limiter les mobilisations.,création,n3-secours-traumatisme-001,"Même tâche ou contrainte intégrée à cette carte, sans recto supplémentaire."
N3-10-10,Choisir inhalation ou assistance ventilatoire selon la respiration observée.,création,n3-secours-inhalation-insufflation-001,"Même tâche ou contrainte intégrée à cette carte, sans recto supplémentaire."
N3-10-11,Connaître le débit d’oxygène du masque à haute concentration dans le cadre fédéral retenu.,reprise,n2-add-oxygene-001,Débit fédéral15 L/min dans le corrigé existant ; inhalation/insufflation et stock exercent des tâches différentes.
N3-10-12,"Déterminer l’autonomie théorique d’une bouteille d’O₂ avec volume, pression et débit donnés.",création,n3-secours-oxygene-autonomie-001,"Même tâche ou contrainte intégrée à cette carte, sans recto supplémentaire."
N3-10-13,Comparer cette autonomie au temps estimé avant prise en charge.,création,n3-secours-oxygene-delai-001,"Même tâche ou contrainte intégrée à cette carte, sans recto supplémentaire."
N3-10-14,Calculer le stock O₂ nécessaire pour deux victimes avec débits/durée imposés.,création,n3-secours-oxygene-deux-victimes-001,"Même tâche ou contrainte intégrée à cette carte, sans recto supplémentaire."
N3-10-15,Identifier un risque de manipulation de l’oxygène dans la préparation du matériel.,création,n3-secours-oxygene-corps-gras-001,"Même tâche ou contrainte intégrée à cette carte, sans recto supplémentaire."
N3-10-16,Choisir le canal d’alerte en mer depuis le bateau ou depuis l’intérieur des terres.,création,n3-secours-alerte-eaux-interieures-001,"Même tâche ou contrainte intégrée à cette carte, sans recto supplémentaire."
N3-10-17,Transmettre la position et les informations de gravité dans un appel simulé.,création,n3-secours-message-position-001,"Même tâche ou contrainte intégrée à cette carte, sans recto supplémentaire."
N3-10-18,"Distinguer PAN-PAN, détresse et déclenchement ASN dans une situation précisément décrite.",création,n3-secours-radio-detresse-001,"Même tâche ou contrainte intégrée à cette carte, sans recto supplémentaire."
N3-10-19,Actualiser la fiche d’évacuation et transmettre une aggravation pendant l’attente.,création,n3-secours-aggravation-001,"Même tâche ou contrainte intégrée à cette carte, sans recto supplémentaire."
N3-10-20,Distinguer entretien des compétences RIFAP et expiration administrative du brevet.,création,n3-secours-rifap-maintien-001,"Même tâche ou contrainte intégrée à cette carte, sans recto supplémentaire."
N3-11-01,Choisir une configuration compatible avec la fourniture de gaz à un équipier à la profondeur prévue.,création,n3-materiel-partage-profondeur-001,"Limite fabricant du partage simultané, différente du minimum réglementaire N2."
N3-11-02,Distinguer deux bouteilles reliées et deux réserves réellement isolables dans un bi-bloc.,reprise,n2-gonflage-blocs-bi-001,Bouteilles reliées et isolement déjà distingués.
N3-11-03,Relier un défaut de détendeur identifié avant immersion à une décision de départ.,reprise,n2-detendeurs-inspiration-difficile-001,Cas avant immersion déjà identique ; pas de réparation ni de diagnostic certain.
N3-11-04,Comparer le comportement de deux blocs à partir de leur masse et volume extérieur réels.,création,n3-materiel-blocs-flottabilite-001,"Même tâche ou contrainte intégrée à cette carte, sans recto supplémentaire."
N3-11-05,Vérifier la stabilité à faible profondeur après consommation d’une partie importante du gaz.,reprise,n2-flottabilite-palier-bloc-allege-001,Stabilité bloc allégé déjà couverte.
N3-11-06,Vérifier la compatibilité dévidoir/parachute et le risque de traction pendant son lancement.,reprise,n2-flottabilite-parachute-traction-001,"Principe de traction partagé. Compatibilité spécifique à un kit laissée à sa notice, sans prescription universelle ajoutée."
N3-12-01,Construire un retour avec deux changements de cap et un obstacle explicitement donné.,création,n3-orientation-retour-deux-branches-001,"Même tâche ou contrainte intégrée à cette carte, sans recto supplémentaire."
N3-12-02,Distinguer cap suivi et trajectoire réelle lorsqu’un courant entraîne la palanquée.,création,n3-orientation-courant-trajectoire-001,"Même tâche ou contrainte intégrée à cette carte, sans recto supplémentaire."
N3-12-03,Combiner repères naturels et compas quand la visibilité diminue.,création,n3-orientation-reperes-compas-001,"Même tâche ou contrainte intégrée à cette carte, sans recto supplémentaire."
N3-12-04,Interpréter un profil de relief pour éviter une fausse remontée vers une roche isolée.,création,n3-orientation-relief-sortie-001,"Même tâche ou contrainte intégrée à cette carte, sans recto supplémentaire."
N3-12-05,Réagir à une perte d’orientation avant que la limite de gaz ne soit atteinte.,création,n3-orientation-perte-limite-gaz-001,"Même tâche ou contrainte intégrée à cette carte, sans recto supplémentaire."
N3-12-06,Prévoir le risque de trafic en surface après une remontée loin du mouillage.,création,n3-orientation-trafic-surface-001,"Même tâche ou contrainte intégrée à cette carte, sans recto supplémentaire."
N3-12-07,Limiter contact et remise en suspension lors d’un passage étroit au-dessus du fond.,création,n3-milieu-sediments-001,"Même tâche ou contrainte intégrée à cette carte, sans recto supplémentaire."
N3-12-08,Adapter l’éclairage et l’observation pour limiter le dérangement des organismes.,création,n3-milieu-eclairage-001,"Même tâche ou contrainte intégrée à cette carte, sans recto supplémentaire."
N3-12-09,Distinguer végétation marine et organisme animal sessile à partir d’une observation locale.,création,n3-milieu-posidonie-nature-001,"Même tâche ou contrainte intégrée à cette carte, sans recto supplémentaire."
N3-12-10,Identifier un habitat sensible et expliquer l’effet d’un mauvais mouillage.,création,n3-milieu-posidonie-mouillage-001,"Même tâche ou contrainte intégrée à cette carte, sans recto supplémentaire."
N3-12-11,Reconnaître une faune présentant un risque de contact dans le secteur choisi.,création,n3-milieu-anemone-contact-001,"Même tâche ou contrainte intégrée à cette carte, sans recto supplémentaire."
N3-12-12,"Préparer une sortie sur un nouveau site en croisant carte, réglementation et informations locales.",création,n3-organisation-regles-locales-001,"Même tâche ou contrainte intégrée à cette carte, sans recto supplémentaire."
