id,objectif,tâche retenue,erreur_choix_2,erreur_choix_3,références,issue
n3-assistance-cooperation-001,N3-09-02,"En immersion, quelle différence essentielle distingue un équipier conscient coopératif d’un équipier qui ne réagit plus ?",La coopération permet d’utiliser l’ordinateur de l’équipier comme suivi personnel de secours,L’absence de réaction dispense de contrôler la source de gaz pendant la remontée,"N3-S01 — MFT N3 FFESSM, décembre 2025, p.9–10,13 | N3-S04 — RIFAP FFESSM, mai 2026, p.10–20 | Revue N3 du 2026-10-06 : docs/reviews/n3/COUVERTURE_N3.md","QCM relu : contexte déterminé, choix de même tâche, vrai unique ; publié"
n3-assistance-flottabilite-double-001,N3-09-04,"Pendant une remontée assistée à deux gilets, quel phénomène doit être surveillé dans les équipements des deux plongeurs ?","La compression du gaz, qui augmente la flottabilité à la remontée","La baisse de pression, qui garde constant le volume des deux gilets","N3-S01 — MFT N3 FFESSM, décembre 2025, p.9–10,13 | N3-S04 — RIFAP FFESSM, mai 2026, p.10–20 | Revue N3 du 2026-10-06 : docs/reviews/n3/COUVERTURE_N3.md","QCM relu : contexte déterminé, choix de même tâche, vrai unique ; publié"
n3-assistance-gaz-palier-insuffisant-001,N3-09-06,"Dans un exercice de budget avant immersion, le retour partagé obligatoire demande 1 000 L à 1 bar ; le stock utilisable prévu est 800 L. Quelle modification résout cette incompatibilité de plan ? Modèle : gaz parfait à température constante, 1 bar en surface et +1 bar par 10 m ; seul le gaz respiré est compté.",Conserver le profil en réduisant arbitrairement les paliers à 80 %,Conserver le profil en supposant un débit réel inférieur au débit imposé,"N3-S01 — MFT N3 FFESSM, décembre 2025, p.9–10,13 | N3-S04 — RIFAP FFESSM, mai 2026, p.10–20 | N3-S01 — MFT N3 FFESSM, décembre 2025, p.8,13,15 ; calculs originaux, modèle de gaz idéal et phases imposées ; corrigés indépendants dans docs/reviews/n3/CALCULS_N3.csv | Revue N3 du 2026-10-06 : docs/reviews/n3/COUVERTURE_N3.md","QCM relu : contexte déterminé, choix de même tâche, vrai unique ; publié"
n3-assistance-sans-signe-001,N3-09-01,"À 35 m, un équipier devient agité, ventile fortement et répond mal aux échanges, sans faire de signe conventionnel. Quel indice justifie l’intervention ?","Le seul signe conventionnel de demande d’aide, indispensable pour intervenir","Le manomètre seul, car un gaz disponible écarte un besoin d’assistance","N3-S01 — MFT N3 FFESSM, décembre 2025, p.9–10,13 | N3-S04 — RIFAP FFESSM, mai 2026, p.10–20 | Revue N3 du 2026-10-06 : docs/reviews/n3/COUVERTURE_N3.md","QCM relu : contexte déterminé, choix de même tâche, vrai unique ; publié"
n3-assistance-stock-donneur-001,N3-09-03,Un équipier passe sur la source de secours de son binôme. Quelle information devient déterminante pour le gaz du retour partagé ?,"La moyenne des pressions des deux blocs, y compris celui devenu inutilisable",La seule pression du bloc du receveur avant l’incident,"N3-S01 — MFT N3 FFESSM, décembre 2025, p.9–10,13 | N3-S04 — RIFAP FFESSM, mai 2026, p.10–20 | Revue N3 du 2026-10-06 : docs/reviews/n3/COUVERTURE_N3.md","QCM relu : contexte déterminé, choix de même tâche, vrai unique ; publié"
n3-assistance-surface-001,N3-09-08,"À la surface, avant tractage d’un plongeur incapable de se maintenir seul, quels deux objectifs doivent être assurés ensemble ?",Flottabilité suffisante et maintien du visage dans l’eau jusqu’au bateau,Dégonflage du gilet pour le tractage et voies aériennes hors de l’eau,"N3-S01 — MFT N3 FFESSM, décembre 2025, p.9–10,13 | N3-S04 — RIFAP FFESSM, mai 2026, p.10–20 | Revue N3 du 2026-10-06 : docs/reviews/n3/COUVERTURE_N3.md","QCM relu : contexte déterminé, choix de même tâche, vrai unique ; publié"
n3-assistance-troisieme-001,N3-09-05,"Dans une palanquée de trois, A assiste B en difficulté. C est disponible et dispose de gaz. Quel rôle de C conserve la cohésion sans gêner l’assistance ?",Partir seul vers la surface pour prévenir sans rester en contact,Rester à proximité mais poursuivre son propre profil de décompression indépendamment,"N3-S01 — MFT N3 FFESSM, décembre 2025, p.9–10,13 | N3-S04 — RIFAP FFESSM, mai 2026, p.10–20 | Revue N3 du 2026-10-06 : docs/reviews/n3/COUVERTURE_N3.md","QCM relu : contexte déterminé, choix de même tâche, vrai unique ; publié"
n3-formation-espace-profond-001,N3-01-14,"En formation technique à l’air en établissement, quel niveau minimal d’enseignant encadre la palanquée entre 40 et 60 m ?",E3,Guide de palanquée N4 sans qualification d’enseignant,"N3-S01 — MFT N3 FFESSM, décembre 2025, p.3–4 ; contrôle des conditions de certification | Code du sport en vigueur, vérifié le 2026-10-06 : A322-73, A322-99, annexe III-16b ; https://www.legifrance.gouv.fr/codes/article_lc/LEGIARTI000025705110 ; https://www.legifrance.gouv.fr/codes/article_lc/LEGIARTI000025705126 | Code du sport en vigueur, vérifié le 2026-10-06 : A322-86, https://www.legifrance.gouv.fr/codes/article_lc/LEGIARTI000025393833 | Revue N3 du 2026-10-06 : docs/reviews/n3/COUVERTURE_N3.md","QCM relu : contexte déterminé, choix de même tâche, vrai unique ; publié"
n3-formation-prerequis-001,N3-01-06,"Pour entrer en formation N3 FFESSM, quel prérequis de certification est admis, en plus des conditions d’âge, licence et CACI ?","PE40 seul, dès lors que 20 plongées en milieu naturel sont attestées","PE60 seul, dès lors que cinq plongées entre 35 et 40 m sont attestées","N3-S01 — MFT N3 FFESSM, décembre 2025, p.3–4 ; contrôle des conditions de certification | Code du sport en vigueur, vérifié le 2026-10-06 : A322-73, A322-99, annexe III-16b ; https://www.legifrance.gouv.fr/codes/article_lc/LEGIARTI000025705110 ; https://www.legifrance.gouv.fr/codes/article_lc/LEGIARTI000025705126 | Revue N3 du 2026-10-06 : docs/reviews/n3/COUVERTURE_N3.md","QCM relu : contexte déterminé, choix de même tâche, vrai unique ; publié"
n3-formation-rifap-001,N3-01-07,À quel moment le RIFAP est-il obligatoirement acquis pour un candidat au N3 FFESSM ?,Dès l’entrée dans toute formation PA40,Avant toute première plongée encadrée au-delà de 40 m,"N3-S01 — MFT N3 FFESSM, décembre 2025, p.3 | N3-S04 — RIFAP FFESSM, mai 2026, p.7 | Revue N3 du 2026-10-06 : docs/reviews/n3/COUVERTURE_N3.md","QCM relu : contexte déterminé, choix de même tâche, vrai unique ; publié"
n3-gaz-attente-profonde-001,N3-04-07,"Avant un retour partagé, deux plongeurs attendent 1 min à 50 m en respirant sur le bloc donneur. Débits de référence imposés : 30 et 40 L/min à 1 bar. Quel volume à 1 bar ajouter au budget du donneur pour cette attente ? Modèle : gaz parfait à température constante, 1 bar en surface et +1 bar par 10 m ; seul le gaz respiré est compté.",240 L,350 L,"N3-S01 — MFT N3 FFESSM, décembre 2025, p.8,13,15 ; calculs originaux, modèle de gaz idéal et phases imposées ; corrigés indépendants dans docs/reviews/n3/CALCULS_N3.csv | Revue N3 du 2026-10-06 : docs/reviews/n3/COUVERTURE_N3.md","QCM relu : contexte déterminé, choix de même tâche, vrai unique ; publié"
n3-gaz-bar-minute-40-001,N3-04-01,"Bloc de 15 L, débit respiratoire de référence 18 L/min ramené à 1 bar, profondeur 40 m. De combien baisse la pression du bloc par minute ? Modèle : gaz parfait à température constante, 1 bar en surface et +1 bar par 10 m ; seul le gaz respiré est compté.","1,2 bar/min","4,8 bar/min","N3-S01 — MFT N3 FFESSM, décembre 2025, p.8,13,15 ; calculs originaux, modèle de gaz idéal et phases imposées ; corrigés indépendants dans docs/reviews/n3/CALCULS_N3.csv | Revue N3 du 2026-10-06 : docs/reviews/n3/COUVERTURE_N3.md","QCM relu : contexte déterminé, choix de même tâche, vrai unique ; publié"
n3-gaz-bar-minute-55-001,N3-04-02,"Bloc de 12 L, débit de référence 22 L/min ramené à 1 bar, profondeur 55 m. Quelle baisse théorique de pression en bar/min ? Modèle : gaz parfait à température constante, 1 bar en surface et +1 bar par 10 m ; seul le gaz respiré est compté.","10,08 environ","1,83 environ","N3-S01 — MFT N3 FFESSM, décembre 2025, p.8,13,15 ; calculs originaux, modèle de gaz idéal et phases imposées ; corrigés indépendants dans docs/reviews/n3/CALCULS_N3.csv | Revue N3 du 2026-10-06 : docs/reviews/n3/COUVERTURE_N3.md","QCM relu : contexte déterminé, choix de même tâche, vrai unique ; publié"
n3-gaz-bloc-limitant-001,N3-04-15,"Pour leur retour individuel complet, A (12 L, 160 bar) doit garder 900 L à 1 bar et 20 bar finaux ; B (15 L, 140 bar), 1 050 L et 20 bar finaux. À 40 m, chacun a un débit de référence 20 L/min à 1 bar. Qui a le moins de temps de fond disponible ? Modèle : gaz parfait à température constante, 1 bar en surface et +1 bar par 10 m ; seul le gaz respiré est compté.","A : 7,5 min, contre 7,8 min pour B","A et B : 10,5 min chacun","N3-S01 — MFT N3 FFESSM, décembre 2025, p.8,13,15 ; calculs originaux, modèle de gaz idéal et phases imposées ; corrigés indépendants dans docs/reviews/n3/CALCULS_N3.csv | Revue N3 du 2026-10-06 : docs/reviews/n3/COUVERTURE_N3.md","QCM relu : contexte déterminé, choix de même tâche, vrai unique ; publié"
n3-gaz-comparer-bar-minute-001,N3-04-04,"À 40 m, A avec 12 L et B avec 15 L ont tous deux une baisse de 6 bar/min. Quels sont leurs débits respiratoires de référence ramenés à 1 bar ? Modèle : gaz parfait à température constante, 1 bar en surface et +1 bar par 10 m ; seul le gaz respiré est compté.","A : 18 L/min ; B : 14,4 L/min",A : 6 L/min ; B : 6 L/min,"N3-S01 — MFT N3 FFESSM, décembre 2025, p.8,13,15 ; calculs originaux, modèle de gaz idéal et phases imposées ; corrigés indépendants dans docs/reviews/n3/CALCULS_N3.csv | Revue N3 du 2026-10-06 : docs/reviews/n3/COUVERTURE_N3.md","QCM relu : contexte déterminé, choix de même tâche, vrai unique ; publié"
n3-gaz-debit-reference-inverse-001,N3-04-03,"À 40 m, la pression d’un bloc de 12 L baisse de 9 bar/min. Quel débit de référence ramené à 1 bar correspond à cette mesure ? Modèle : gaz parfait à température constante, 1 bar en surface et +1 bar par 10 m ; seul le gaz respiré est compté.",108 L/min,27 L/min,"N3-S01 — MFT N3 FFESSM, décembre 2025, p.8,13,15 ; calculs originaux, modèle de gaz idéal et phases imposées ; corrigés indépendants dans docs/reviews/n3/CALCULS_N3.csv | Revue N3 du 2026-10-06 : docs/reviews/n3/COUVERTURE_N3.md","QCM relu : contexte déterminé, choix de même tâche, vrai unique ; publié"
n3-gaz-erreur-pression-constante-001,N3-04-16,"Un trajet linéaire de 50 m à la surface dure 5 min. Pour un débit de référence 20 L/min à 1 bar, un calcul applique 6 bar pendant les cinq minutes et trouve 600 L. Quel est le coût du trajet dans le modèle, sans arrêt ? Modèle : gaz parfait à température constante, 1 bar en surface et +1 bar par 10 m ; seul le gaz respiré est compté.",500 L,600 L,"N3-S01 — MFT N3 FFESSM, décembre 2025, p.8,13,15 ; calculs originaux, modèle de gaz idéal et phases imposées ; corrigés indépendants dans docs/reviews/n3/CALCULS_N3.csv | Revue N3 du 2026-10-06 : docs/reviews/n3/COUVERTURE_N3.md","QCM relu : contexte déterminé, choix de même tâche, vrai unique ; publié"
n3-gaz-meme-duree-001,N3-04-20,"Deux profils fictifs durent 6 min hors transitions. A : 2 min à 40 m puis 4 min à 3 m. B : 4 min à 40 m puis 2 min à 3 m. Débit de référence 20 L/min à 1 bar. Quels gaz à 1 bar demandent A puis B ? Modèle : gaz parfait à température constante, 1 bar en surface et +1 bar par 10 m ; seul le gaz respiré est compté.",452 L puis 304 L,600 L puis 600 L,"N3-S01 — MFT N3 FFESSM, décembre 2025, p.8,13,15 ; calculs originaux, modèle de gaz idéal et phases imposées ; corrigés indépendants dans docs/reviews/n3/CALCULS_N3.csv | Revue N3 du 2026-10-06 : docs/reviews/n3/COUVERTURE_N3.md","QCM relu : contexte déterminé, choix de même tâche, vrai unique ; publié"
n3-gaz-mesure-reevaluation-001,N3-04-18,"À profondeur constante, la baisse observée du manomètre dépasse durablement la prévision, sans fuite identifiée. Que doit-on recalculer en priorité avant de poursuivre l’exploration ?",Le temps de fond restant avec le débit prévu au briefing,Le temps de retour en ne comptant que les paliers affichés,"N3-S01 — MFT N3 FFESSM, décembre 2025, p.8,13,15 ; calculs originaux, modèle de gaz idéal et phases imposées ; corrigés indépendants dans docs/reviews/n3/CALCULS_N3.csv | Revue N3 du 2026-10-06 : docs/reviews/n3/COUVERTURE_N3.md","QCM relu : contexte déterminé, choix de même tâche, vrai unique ; publié"
n3-gaz-palier-maximal-001,N3-04-14,"Après avoir budgété trajet et pression finale, il reste 280 L à 1 bar pour un arrêt fictif supplémentaire à 6 m. Deux consommateurs ont ensemble un débit de référence 70 L/min à 1 bar. Quelle durée maximale théorique permet ce budget ? Modèle : gaz parfait à température constante, 1 bar en surface et +1 bar par 10 m ; seul le gaz respiré est compté.",4 min,"1,67 min","N3-S01 — MFT N3 FFESSM, décembre 2025, p.8,13,15 ; calculs originaux, modèle de gaz idéal et phases imposées ; corrigés indépendants dans docs/reviews/n3/CALCULS_N3.csv | Revue N3 du 2026-10-06 : docs/reviews/n3/COUVERTURE_N3.md","QCM relu : contexte déterminé, choix de même tâche, vrai unique ; publié"
n3-gaz-paliers-partages-001,N3-04-06,"Deux consommateurs sur un même stock ont ensemble un débit de référence 70 L/min à 1 bar. Deux arrêts sont imposés : 3 min à 6 m puis 5 min à 3 m. Sans compter les trajets, quel gaz à 1 bar ces arrêts demandent-ils ? Modèle : gaz parfait à température constante, 1 bar en surface et +1 bar par 10 m ; seul le gaz respiré est compté.",560 L,896 L,"N3-S01 — MFT N3 FFESSM, décembre 2025, p.8,13,15 ; calculs originaux, modèle de gaz idéal et phases imposées ; corrigés indépendants dans docs/reviews/n3/CALCULS_N3.csv | Revue N3 du 2026-10-06 : docs/reviews/n3/COUVERTURE_N3.md","QCM relu : contexte déterminé, choix de même tâche, vrai unique ; publié"
n3-gaz-retour-complet-001,N3-04-08,"Deux plongeurs respirent sur un seul stock, débits de référence 30 et 40 L/min à 1 bar. Quel gaz total à 1 bar demande le retour fourni ? Attente 1 min à 50 m ; trajet linéaire 50 → 6 m en 4,4 min ; arrêt 3 min à 6 m ; trajet linéaire 6 → 3 m en 0,5 min ; arrêt 5 min à 3 m ; trajet linéaire 3 m → surface en 0,5 min. Modèle : gaz parfait à température constante, 1 bar en surface et +1 bar par 10 m ; seul le gaz respiré est compté.","2 052,4 L","1 412,8 L","N3-S01 — MFT N3 FFESSM, décembre 2025, p.8,13,15 ; calculs originaux, modèle de gaz idéal et phases imposées ; corrigés indépendants dans docs/reviews/n3/CALCULS_N3.csv | Revue N3 du 2026-10-06 : docs/reviews/n3/COUVERTURE_N3.md","QCM relu : contexte déterminé, choix de même tâche, vrai unique ; publié"
n3-gaz-retour-deux-blocs-001,N3-04-10,"Le même retour partagé exige 1 100 L à 1 bar. A a 12 L à 110 bar ; B, 15 L à 110 bar. L’exercice garde 20 bar dans le bloc donneur à la fin. Quels stocks sont théoriquement suffisants ? Modèle : gaz parfait à température constante, 1 bar en surface et +1 bar par 10 m ; seul le gaz respiré est compté.",A et B,A seulement,"N3-S01 — MFT N3 FFESSM, décembre 2025, p.8,13,15 ; calculs originaux, modèle de gaz idéal et phases imposées ; corrigés indépendants dans docs/reviews/n3/CALCULS_N3.csv | Revue N3 du 2026-10-06 : docs/reviews/n3/COUVERTURE_N3.md","QCM relu : contexte déterminé, choix de même tâche, vrai unique ; publié"
n3-gaz-retour-pression-001,N3-04-09,"Un retour à deux exige 2 472,4 L ramenés à 1 bar. Le bloc donneur a un volume de 15 L ; l’exercice impose 20 bar encore présents à la fin. Quelle pression de départ minimale arrondie au bar supérieur donne ce budget ? Modèle : gaz parfait à température constante, 1 bar en surface et +1 bar par 10 m ; seul le gaz respiré est compté.",165 bar,226 bar,"N3-S01 — MFT N3 FFESSM, décembre 2025, p.8,13,15 ; calculs originaux, modèle de gaz idéal et phases imposées ; corrigés indépendants dans docs/reviews/n3/CALCULS_N3.csv | Revue N3 du 2026-10-06 : docs/reviews/n3/COUVERTURE_N3.md","QCM relu : contexte déterminé, choix de même tâche, vrai unique ; publié"
n3-gaz-stress-sensibilite-001,N3-04-13,"Un retour partagé consomme 1 600 L à 1 bar pour des débits de référence 30 + 40 L/min. Sur les mêmes phases, les débits deviennent 40 + 50 L/min. Quel besoin total obtient-on ? Modèle : gaz parfait à température constante, 1 bar en surface et +1 bar par 10 m ; seul le gaz respiré est compté.",Environ 1 778 L,Environ 2 743 L,"N3-S01 — MFT N3 FFESSM, décembre 2025, p.8,13,15 ; calculs originaux, modèle de gaz idéal et phases imposées ; corrigés indépendants dans docs/reviews/n3/CALCULS_N3.csv | Revue N3 du 2026-10-06 : docs/reviews/n3/COUVERTURE_N3.md","QCM relu : contexte déterminé, choix de même tâche, vrai unique ; publié"
n3-gaz-temps-fond-budget-001,N3-04-12,"Bloc de 15 L à 200 bar. Le budget impose 1 200 L à 1 bar pour le retour complet et 20 bar finaux. À 40 m, le débit de référence vaut 20 L/min à 1 bar. Combien de minutes au fond restent théoriquement disponibles, hors descente et autres consommations ? Modèle : gaz parfait à température constante, 1 bar en surface et +1 bar par 10 m ; seul le gaz respiré est compté.",18 min,24 min,"N3-S01 — MFT N3 FFESSM, décembre 2025, p.8,13,15 ; calculs originaux, modèle de gaz idéal et phases imposées ; corrigés indépendants dans docs/reviews/n3/CALCULS_N3.csv | Revue N3 du 2026-10-06 : docs/reviews/n3/COUVERTURE_N3.md","QCM relu : contexte déterminé, choix de même tâche, vrai unique ; publié"
n3-gaz-tiers-contre-exemple-001,N3-04-19,"Un bloc de 12 L contient encore 100 bar après consommation de la moitié de sa pression initiale. Un retour à deux fourni exige 1 400 L à 1 bar, avant toute pression finale. Quelle conclusion donne le modèle ? Modèle : gaz parfait à température constante, 1 bar en surface et +1 bar par 10 m ; seul le gaz respiré est compté.","La moitié du bloc garantit le retour, car elle égale le gaz consommé à l’aller",Le retour est couvert si les deux plongeurs partagent les 100 bar également,"N3-S01 — MFT N3 FFESSM, décembre 2025, p.8,13,15 ; calculs originaux, modèle de gaz idéal et phases imposées ; corrigés indépendants dans docs/reviews/n3/CALCULS_N3.csv | Revue N3 du 2026-10-06 : docs/reviews/n3/COUVERTURE_N3.md","QCM relu : contexte déterminé, choix de même tâche, vrai unique ; publié"
n3-gaz-trajet-partage-001,N3-04-05,"Deux plongeurs respirent sur un même stock, avec des débits de référence 30 et 40 L/min à 1 bar. Ils remontent linéairement de 50 à 6 m en 4,4 min, sans arrêt. Quel volume à 1 bar utilisent-ils pour ce seul trajet ? Modèle : gaz parfait à température constante, 1 bar en surface et +1 bar par 10 m ; seul le gaz respiré est compté.",1 848 L,"1 355,2 L","N3-S01 — MFT N3 FFESSM, décembre 2025, p.8,13,15 ; calculs originaux, modèle de gaz idéal et phases imposées ; corrigés indépendants dans docs/reviews/n3/CALCULS_N3.csv | Revue N3 du 2026-10-06 : docs/reviews/n3/COUVERTURE_N3.md","QCM relu : contexte déterminé, choix de même tâche, vrai unique ; publié"
n3-materiel-blocs-flottabilite-001,N3-11-04,"En eau de masse volumique 1 kg/L, deux blocs fermés ont ces données à l’instant considéré : A, masse 18 kg et volume extérieur 16 L ; B, masse 20 kg et volume extérieur 19 L. Lequel a le poids apparent vers le bas le plus grand ?","B : équivalent de 4 kg, contre 2 kg pour A","B : équivalent de 20 kg, contre 18 kg pour A","N3-S01 — MFT N3 FFESSM, décembre 2025, p.8,11 ; principe d’Archimède et calcul original aux masses/volumes imposés | Revue N3 du 2026-10-06 : docs/reviews/n3/COUVERTURE_N3.md","QCM relu : contexte déterminé, choix de même tâche, vrai unique ; publié"
n3-materiel-partage-profondeur-001,N3-11-01,"Un ensemble SCUBAPRO conforme à la configuration de sa notice RevQ est marqué EN250A. Pour préparer un partage simultané à deux à 45 m, quel point de cette notice doit être pris en compte, même si chacun possède un embout distinct ?",La présence d’un octopus étend l’utilisation simultanée à deux jusqu’à 50 m,Le marquage EN250A étend l’utilisation simultanée à deux jusqu’à 60 m,"N3-S01 — MFT N3 décembre 2025 p.8,13 | SCUBAPRO — Manuel détendeurs RevQ juillet 2025, p.5 et7, utilisation simultanée à deux ; https://johnsonoutdoors.widen.net/content/674le5usuw/original/SP_45101180_RevQ_Reg_manual_202507_FRA.pdf?download=true&u=trjrhb ; vérifié 2026-10-06 | Revue : docs/reviews/n3/COUVERTURE_N3.md","QCM relu : contexte déterminé, choix de même tâche, vrai unique ; publié"
n3-milieu-anemone-contact-001,N3-12-11,"Sur un site méditerranéen, une anémone verte (Anemonia viridis) porte des tentacules souples. Quel risque justifie d’éviter leur contact ?",Des pointes rigides sur les tentacules provoquent une perforation mécanique,"Une morsure des tentacules, déclenchée quand on s’approche sans les toucher","N3-S01 — MFT N3 FFESSM, décembre 2025, p.14–15 | DORIS — Anemonia viridis, fiche 111, mise à jour 24/08/2025, alimentation/cnidocytes ; https://doris.ffessm.fr/ref/specie/111 | Revue N3 du 2026-10-06 : docs/reviews/n3/COUVERTURE_N3.md","QCM relu : contexte déterminé, choix de même tâche, vrai unique ; publié"
n3-milieu-eclairage-001,N3-12-08,"Pour observer une faune fixée à courte distance, quelle pratique d’éclairage limite le dérangement tout en permettant l’observation ?",Maintenir un éclairage maximal continu pour habituer les organismes,Maintenir le faisceau au même point jusqu’à ce que l’animal cesse de bouger,"N3-S01 — MFT N3 FFESSM, décembre 2025, p.8–9,12–14 ; géométrie et scénarios originaux à données explicites | Revue N3 du 2026-10-06 : docs/reviews/n3/COUVERTURE_N3.md","QCM relu : contexte déterminé, choix de même tâche, vrai unique ; publié"
n3-milieu-posidonie-mouillage-001,N3-12-10,Pourquoi le choix d’un mouillage hors d’un herbier de posidonie protège-t-il cet habitat méditerranéen ?,L’ancre crée seulement un nuage temporaire sans modifier les rhizomes,L’herbier repousse rapidement à partir des fragments dispersés par la chaîne,"N3-S01 — MFT N3 FFESSM, décembre 2025, p.12,14 | DORIS — Posidonia oceanica, fiche 265, biologie et menaces, mise à jour 21/07/2026 ; https://doris.ffessm.fr/ref/specie/265 | Revue N3 du 2026-10-06 : docs/reviews/n3/COUVERTURE_N3.md | OFB — Les herbiers de posidonies, pratiques de mouillage ; https://ofb.gouv.fr/les-herbiers-de-posidonies ; vérifié 2026-10-06","QCM relu : contexte déterminé, choix de même tâche, vrai unique ; publié"
n3-milieu-posidonie-nature-001,N3-12-09,"En Méditerranée, qu’est-ce qui distingue biologiquement la posidonie d’une algue ?",C’est une algue dont les crampons sont appelés racines,C’est une colonie animale dont les polypes ressemblent à des feuilles,"N3-S01 — MFT N3 FFESSM, décembre 2025, p.14–15 | DORIS — Posidonia oceanica, fiche 265, mise à jour 21/07/2026, description ; https://doris.ffessm.fr/ref/specie/265 | Revue N3 du 2026-10-06 : docs/reviews/n3/COUVERTURE_N3.md","QCM relu : contexte déterminé, choix de même tâche, vrai unique ; publié"
n3-milieu-sediments-001,N3-12-07,Un passage sur fond meuble est bas et la palanquée commence à soulever des sédiments. Quel ajustement réduit ce trouble sans prendre appui sur le fond ?,Dégonfler davantage pour avancer au plus près du sédiment,Accélérer le palmage pour traverser avant que le nuage ne s’étende,"N3-S01 — MFT N3 FFESSM, décembre 2025, p.8–9,12–14 ; géométrie et scénarios originaux à données explicites | Revue N3 du 2026-10-06 : docs/reviews/n3/COUVERTURE_N3.md","QCM relu : contexte déterminé, choix de même tâche, vrai unique ; publié"
n3-modeles-buhlmann-zhl-gf-001,N3-05-14,Comment lire l’expression « Bühlmann ZHL-16C + GF » ?,"Bühlmann désigne la famille, ZHL-16C le réglage GF et GF le nombre de compartiments","Bühlmann désigne la famille, ZHL-16C les paramètres et GF la correction de vitesse","N3-S01 — MFT N3 FFESSM, décembre 2025, p.15 | N3-S12 — Erik Baker, Understanding M-values, p.1–3 ; modèle abstrait, aucune décompression opérationnelle déduite | Shearwater Peregrine, notice française Doc.16001-SI-RevB du 06/07/2020 (fichier officiel nommé 2021), p.25 ; https://cdn.shopify.com/s/files/1/0838/3732/1530/files/Peregrine_Manual-metric_French_2021.pdf?v=1710186732 | Revue N3 du 2026-10-06 : docs/reviews/n3/COUVERTURE_N3.md | Shearwater — Neal Pollock, Flexible Control of Decompression Stress, publié initialement 2017, republication 30/11/2024, compartiments/demi-temps ; https://shearwater.com/blogs/community/flexible-control-of-decompression-stress ; vérifié 2026-10-06","QCM relu : contexte déterminé, choix de même tâche, vrai unique ; publié"
n3-modeles-charge-une-periode-001,N3-05-03,"Un compartiment fictif passe vers un équilibre maintenu à 4 bar de gaz inerte, depuis 2 bar. Quelle pression de gaz inerte a-t-il après une période ?",2 bar,4 bar,"N3-S01 — MFT N3 FFESSM, décembre 2025, p.15 | N3-S12 — Erik Baker, Understanding M-values, p.1–3 ; modèle abstrait, aucune décompression opérationnelle déduite | Shearwater Peregrine, notice française Doc.16001-SI-RevB du 06/07/2020 (fichier officiel nommé 2021), p.25 ; https://cdn.shopify.com/s/files/1/0838/3732/1530/files/Peregrine_Manual-metric_French_2021.pdf?v=1710186732 | Revue N3 du 2026-10-06 : docs/reviews/n3/COUVERTURE_N3.md | Shearwater — Neal Pollock, Flexible Control of Decompression Stress, publié initialement 2017, republication 30/11/2024, compartiments/demi-temps ; https://shearwater.com/blogs/community/flexible-control-of-decompression-stress ; vérifié 2026-10-06","QCM relu : contexte déterminé, choix de même tâche, vrai unique ; publié"
n3-modeles-compartiment-001,N3-05-01,"Dans un modèle de désaturation à compartiments, que représente un compartiment ?",Un organe identifié dont l’ordinateur mesure directement la charge en azote,Une zone anatomique dont tous les tissus ont la même vitesse d’échange,"N3-S01 — MFT N3 FFESSM, décembre 2025, p.15 | N3-S12 — Erik Baker, Understanding M-values, p.1–3 ; modèle abstrait, aucune décompression opérationnelle déduite | Shearwater Peregrine, notice française Doc.16001-SI-RevB du 06/07/2020 (fichier officiel nommé 2021), p.25 ; https://cdn.shopify.com/s/files/1/0838/3732/1530/files/Peregrine_Manual-metric_French_2021.pdf?v=1710186732 | Revue N3 du 2026-10-06 : docs/reviews/n3/COUVERTURE_N3.md | Shearwater — Neal Pollock, Flexible Control of Decompression Stress, publié initialement 2017, republication 30/11/2024, compartiments/demi-temps ; https://shearwater.com/blogs/community/flexible-control-of-decompression-stress ; vérifié 2026-10-06","QCM relu : contexte déterminé, choix de même tâche, vrai unique ; publié"
n3-modeles-compartiment-limitant-001,N3-05-07,"Dans un exemple abstrait, le compartiment A exige une pression ambiante d’au moins 1,6 bar ; B exige au moins 1,9 bar. Lequel fixe le plafond de remontée le plus profond ?","A, car sa pression ambiante minimale est la plus faible","Les deux imposent le même plafond, puisque la palanquée remonte ensemble","N3-S01 — MFT N3 FFESSM, décembre 2025, p.15 | N3-S12 — Erik Baker, Understanding M-values, p.1–3 ; modèle abstrait, aucune décompression opérationnelle déduite | Shearwater Peregrine, notice française Doc.16001-SI-RevB du 06/07/2020 (fichier officiel nommé 2021), p.25 ; https://cdn.shopify.com/s/files/1/0838/3732/1530/files/Peregrine_Manual-metric_French_2021.pdf?v=1710186732 | Revue N3 du 2026-10-06 : docs/reviews/n3/COUVERTURE_N3.md | Shearwater — Neal Pollock, Flexible Control of Decompression Stress, publié initialement 2017, republication 30/11/2024, compartiments/demi-temps ; https://shearwater.com/blogs/community/flexible-control-of-decompression-stress ; vérifié 2026-10-06","QCM relu : contexte déterminé, choix de même tâche, vrai unique ; publié"
n3-modeles-decharge-deux-periodes-001,N3-05-04,"Un compartiment fictif contient initialement 3 bar de gaz inerte. Son nouvel équilibre reste à 1 bar. Après deux périodes, quelle pression contient-il ?","0,75 bar",2 bar,"N3-S01 — MFT N3 FFESSM, décembre 2025, p.15 | N3-S12 — Erik Baker, Understanding M-values, p.1–3 ; modèle abstrait, aucune décompression opérationnelle déduite | Shearwater Peregrine, notice française Doc.16001-SI-RevB du 06/07/2020 (fichier officiel nommé 2021), p.25 ; https://cdn.shopify.com/s/files/1/0838/3732/1530/files/Peregrine_Manual-metric_French_2021.pdf?v=1710186732 | Revue N3 du 2026-10-06 : docs/reviews/n3/COUVERTURE_N3.md | Shearwater — Neal Pollock, Flexible Control of Decompression Stress, publié initialement 2017, republication 30/11/2024, compartiments/demi-temps ; https://shearwater.com/blogs/community/flexible-control-of-decompression-stress ; vérifié 2026-10-06","QCM relu : contexte déterminé, choix de même tâche, vrai unique ; publié"
n3-modeles-droite-limite-001,N3-05-09,"Dans un modèle fictif, la droite limite est M = 1 + 0,8 × Pamb, avec les deux pressions en bar absolus. À Pamb = 2 bar, un compartiment contient 2,8 bar de gaz inerte. Où se situe-t-il par rapport à cette limite ?","En dessous : M vaut 3,6 bar","Sur la limite : M vaut 2,8 bar","N3-S01 — MFT N3 FFESSM, décembre 2025, p.15 | N3-S12 — Erik Baker, Understanding M-values, p.1–3 ; modèle abstrait, aucune décompression opérationnelle déduite | Shearwater Peregrine, notice française Doc.16001-SI-RevB du 06/07/2020 (fichier officiel nommé 2021), p.25 ; https://cdn.shopify.com/s/files/1/0838/3732/1530/files/Peregrine_Manual-metric_French_2021.pdf?v=1710186732 | Revue N3 du 2026-10-06 : docs/reviews/n3/COUVERTURE_N3.md | Shearwater — Neal Pollock, Flexible Control of Decompression Stress, publié initialement 2017, republication 30/11/2024, compartiments/demi-temps ; https://shearwater.com/blogs/community/flexible-control-of-decompression-stress ; vérifié 2026-10-06","QCM relu : contexte déterminé, choix de même tâche, vrai unique ; publié"
n3-modeles-etats-001,N3-05-06,"À un instant donné, l’équilibre avec le gaz inspiré vaut 2 bar de gaz inerte. Les compartiments A, B, C contiennent respectivement 1,5, 2 et 2,5 bar. Quel classement est correct ?",A sursaturé ; B saturé ; C sous-saturé,A saturé ; B sous-saturé ; C sursaturé,"N3-S01 — MFT N3 FFESSM, décembre 2025, p.15 | N3-S12 — Erik Baker, Understanding M-values, p.1–3 ; modèle abstrait, aucune décompression opérationnelle déduite | Shearwater Peregrine, notice française Doc.16001-SI-RevB du 06/07/2020 (fichier officiel nommé 2021), p.25 ; https://cdn.shopify.com/s/files/1/0838/3732/1530/files/Peregrine_Manual-metric_French_2021.pdf?v=1710186732 | Revue N3 du 2026-10-06 : docs/reviews/n3/COUVERTURE_N3.md | Shearwater — Neal Pollock, Flexible Control of Decompression Stress, publié initialement 2017, republication 30/11/2024, compartiments/demi-temps ; https://shearwater.com/blogs/community/flexible-control-of-decompression-stress ; vérifié 2026-10-06","QCM relu : contexte déterminé, choix de même tâche, vrai unique ; publié"
n3-modeles-gf-bas-haut-001,N3-05-12,"Dans l’implémentation Bühlmann GF du Peregrine, quels rôles ont GF bas et GF haut ?",GF bas fixe la limite à la surface ; GF haut intervient dans le premier arrêt,Les deux GF fixent seulement la profondeur du premier arrêt,"N3-S01 — MFT N3 FFESSM, décembre 2025, p.15 | N3-S12 — Erik Baker, Understanding M-values, p.1–3 ; modèle abstrait, aucune décompression opérationnelle déduite | Shearwater Peregrine, notice française Doc.16001-SI-RevB du 06/07/2020 (fichier officiel nommé 2021), p.25 ; https://cdn.shopify.com/s/files/1/0838/3732/1530/files/Peregrine_Manual-metric_French_2021.pdf?v=1710186732 | Revue N3 du 2026-10-06 : docs/reviews/n3/COUVERTURE_N3.md | Shearwater — Neal Pollock, Flexible Control of Decompression Stress, publié initialement 2017, republication 30/11/2024, compartiments/demi-temps ; https://shearwater.com/blogs/community/flexible-control-of-decompression-stress ; vérifié 2026-10-06","QCM relu : contexte déterminé, choix de même tâche, vrai unique ; publié"
n3-modeles-gf-calcul-001,N3-05-11,"Dans une illustration mathématique, Pamb = 1,6 bar et M = 2,4 bar. Avec GF = 85 %, quelle limite obtient-on par Pamb + GF × (M − Pamb) ?","2,04 bar","0,68 bar","N3-S01 — MFT N3 FFESSM, décembre 2025, p.15 | N3-S12 — Erik Baker, Understanding M-values, p.1–3 ; modèle abstrait, aucune décompression opérationnelle déduite | Shearwater Peregrine, notice française Doc.16001-SI-RevB du 06/07/2020 (fichier officiel nommé 2021), p.25 ; https://cdn.shopify.com/s/files/1/0838/3732/1530/files/Peregrine_Manual-metric_French_2021.pdf?v=1710186732 | Revue N3 du 2026-10-06 : docs/reviews/n3/COUVERTURE_N3.md | Shearwater — Neal Pollock, Flexible Control of Decompression Stress, publié initialement 2017, republication 30/11/2024, compartiments/demi-temps ; https://shearwater.com/blogs/community/flexible-control-of-decompression-stress ; vérifié 2026-10-06","QCM relu : contexte déterminé, choix de même tâche, vrai unique ; publié"
n3-modeles-m-value-001,N3-05-08,Que représente une M-value à une pression ambiante donnée dans un modèle de décompression à gaz dissous ?,La pression de gaz inerte mesurée dans le sang du plongeur,La pression ambiante minimale commune à tous les compartiments,"N3-S01 — MFT N3 FFESSM, décembre 2025, p.15 | N3-S12 — Erik Baker, Understanding M-values, p.1–3 ; modèle abstrait, aucune décompression opérationnelle déduite | Shearwater Peregrine, notice française Doc.16001-SI-RevB du 06/07/2020 (fichier officiel nommé 2021), p.25 ; https://cdn.shopify.com/s/files/1/0838/3732/1530/files/Peregrine_Manual-metric_French_2021.pdf?v=1710186732 | Revue N3 du 2026-10-06 : docs/reviews/n3/COUVERTURE_N3.md | Shearwater — Neal Pollock, Flexible Control of Decompression Stress, publié initialement 2017, republication 30/11/2024, compartiments/demi-temps ; https://shearwater.com/blogs/community/flexible-control-of-decompression-stress ; vérifié 2026-10-06","QCM relu : contexte déterminé, choix de même tâche, vrai unique ; publié"
n3-modeles-periode-001,N3-05-02,"À pression de gaz inspiré constante, que signifie la période d’un compartiment dans un modèle exponentiel ?",Le temps nécessaire pour éliminer la moitié de tout son gaz inerte,Le temps nécessaire pour atteindre complètement l’équilibre,"N3-S01 — MFT N3 FFESSM, décembre 2025, p.15 | N3-S12 — Erik Baker, Understanding M-values, p.1–3 ; modèle abstrait, aucune décompression opérationnelle déduite | Shearwater Peregrine, notice française Doc.16001-SI-RevB du 06/07/2020 (fichier officiel nommé 2021), p.25 ; https://cdn.shopify.com/s/files/1/0838/3732/1530/files/Peregrine_Manual-metric_French_2021.pdf?v=1710186732 | Revue N3 du 2026-10-06 : docs/reviews/n3/COUVERTURE_N3.md | Shearwater — Neal Pollock, Flexible Control of Decompression Stress, publié initialement 2017, republication 30/11/2024, compartiments/demi-temps ; https://shearwater.com/blogs/community/flexible-control-of-decompression-stress ; vérifié 2026-10-06","QCM relu : contexte déterminé, choix de même tâche, vrai unique ; publié"
n3-modeles-rapide-lent-001,N3-05-05,"Deux compartiments commencent à 1 bar et tendent vers 3 bar de gaz inerte. Leurs périodes sont 5 min et 20 min. Après 5 min dans ces conditions constantes, lequel a comblé la plus grande fraction de son écart initial ?",Celui de période 20 min,"Les deux, car leur équilibre est le même","N3-S01 — MFT N3 FFESSM, décembre 2025, p.15 | N3-S12 — Erik Baker, Understanding M-values, p.1–3 ; modèle abstrait, aucune décompression opérationnelle déduite | Shearwater Peregrine, notice française Doc.16001-SI-RevB du 06/07/2020 (fichier officiel nommé 2021), p.25 ; https://cdn.shopify.com/s/files/1/0838/3732/1530/files/Peregrine_Manual-metric_French_2021.pdf?v=1710186732 | Revue N3 du 2026-10-06 : docs/reviews/n3/COUVERTURE_N3.md | Shearwater — Neal Pollock, Flexible Control of Decompression Stress, publié initialement 2017, republication 30/11/2024, compartiments/demi-temps ; https://shearwater.com/blogs/community/flexible-control-of-decompression-stress ; vérifié 2026-10-06","QCM relu : contexte déterminé, choix de même tâche, vrai unique ; publié"
n3-modeles-rgbm-001,N3-05-15,Quel ajout la documentation du Suunto Zoop Novo attribue-t-elle à son RGBM par rapport à un modèle classique ne suivant que le gaz dissous ?,Une mesure directe des bulles par un capteur de l’ordinateur,Un effacement de la charge résiduelle entre deux plongées,"N3-S01 — MFT N3 FFESSM, décembre 2025, p.15 | Suunto Zoop Novo User Guide, Suunto RGBM, consulté 2026-10-06 ; https://us.suunto.com/pages/suunto-zoop-novo-user-guide | Revue N3 du 2026-10-06 : docs/reviews/n3/COUVERTURE_N3.md | Shearwater — Neal Pollock, Flexible Control of Decompression Stress, publié initialement 2017, republication 30/11/2024, compartiments/demi-temps ; https://shearwater.com/blogs/community/flexible-control-of-decompression-stress ; vérifié 2026-10-06","QCM relu : contexte déterminé, choix de même tâche, vrai unique ; publié"
n3-modeles-successives-001,N3-05-16,"Après une première plongée, quelle différence décrit la prise en compte de l’azote résiduel par les MN90 et par un ordinateur personnel qui a suivi toutes les plongées ?",Les MN90 utilisent GPS/majoration ; l’ordinateur repart de zéro à chaque immersion,Les deux ajoutent obligatoirement la même majoration tabulaire au temps réel,"N3-S01 — MFT N3 FFESSM, décembre 2025, p.15 | N3-S12 — Erik Baker, Understanding M-values, p.1–3 ; modèle abstrait, aucune décompression opérationnelle déduite | Shearwater Peregrine, notice française Doc.16001-SI-RevB du 06/07/2020 (fichier officiel nommé 2021), p.25 ; https://cdn.shopify.com/s/files/1/0838/3732/1530/files/Peregrine_Manual-metric_French_2021.pdf?v=1710186732 | Shearwater Peregrine, notice française Doc.16001-SI-RevB du 06/07/2020 (fichier officiel nommé 2021), p.32–34 ; MN90 FFESSM, tableau I/II | Revue N3 du 2026-10-06 : docs/reviews/n3/COUVERTURE_N3.md | Shearwater — Neal Pollock, Flexible Control of Decompression Stress, publié initialement 2017, republication 30/11/2024, compartiments/demi-temps ; https://shearwater.com/blogs/community/flexible-control-of-decompression-stress ; vérifié 2026-10-06","QCM relu : contexte déterminé, choix de même tâche, vrai unique ; publié"
n3-ordinateur-arret-ceil-001,N3-06-01,"Un affichage Peregrine simulé indique profondeur 8 m, DECO STOP 6 m / 2 min et CEIL 4,7 m. À quelle profondeur vise-t-on l’arrêt demandé par DECO STOP ?","4,7 m",2 m,"N3-S01 — MFT N3 FFESSM, décembre 2025, p.9,13,15 | Shearwater Peregrine, notice française Doc.16001-SI-RevB du 06/07/2020 (fichier officiel nommé 2021), p.11–16,25,33–39 ; affichages originaux limités aux champs documentés | Revue N3 du 2026-10-06 : docs/reviews/n3/COUVERTURE_N3.md","QCM relu : contexte déterminé, choix de même tâche, vrai unique ; publié"
n3-ordinateur-gaz-absent-001,N3-06-07,"Avant une plongée uniquement à l’air, un Peregrine en mode Nitrox 3 gaz a de l’air actif et du 50 % activé, mais aucun bloc à 50 % ne sera emporté. Quel réglage fausse le retour calculé ?","L’air actif, car le mode 3 gaz n’accepte pas un mélange à 21 %","Le 50 % activé, car il remplace automatiquement l’air dès la descente","N3-S01 — MFT N3 FFESSM, décembre 2025, p.9,13,15 | Shearwater Peregrine, notice française Doc.16001-SI-RevB du 06/07/2020 (fichier officiel nommé 2021), p.11–16,25,33–39 ; affichages originaux limités aux champs documentés | Shearwater Peregrine, notice française Doc.16001-SI-RevB du 06/07/2020 (fichier officiel nommé 2021), p.28,32–33 | Revue N3 du 2026-10-06 : docs/reviews/n3/COUVERTURE_N3.md","QCM relu : contexte déterminé, choix de même tâche, vrai unique ; publié"
n3-ordinateur-gf-cohabitation-001,N3-06-05,Deux équipiers ont des réglages GF différents sur des ordinateurs qui ont chacun suivi leurs plongées. Quelle information détermine leurs arrêts communs pendant la remontée ?,Le seul appareil dont GF haut est le plus petit,Le seul appareil dont GF bas est le plus petit,"N3-S01 — MFT N3 FFESSM, décembre 2025, p.9,13,15 | Shearwater Peregrine, notice française Doc.16001-SI-RevB du 06/07/2020 (fichier officiel nommé 2021), p.11–16,25,33–39 ; affichages originaux limités aux champs documentés | Revue N3 du 2026-10-06 : docs/reviews/n3/COUVERTURE_N3.md","QCM relu : contexte déterminé, choix de même tâche, vrai unique ; publié"
n3-ordinateur-paliers-communs-001,N3-06-04,"À 6 m, deux équipiers à l’air ont un arrêt obligatoire au même niveau : A affiche encore 2 min, B 5 min. Gaz disponible pour respecter les deux, aucun autre problème. Quel critère autorise ensuite leur remontée ensemble ?","L’achèvement des 2 min de A, qui a le temps le plus court","L’achèvement de 3,5 min, moyenne des deux obligations","N3-S01 — MFT N3 FFESSM, décembre 2025, p.9,13,15 | Shearwater Peregrine, notice française Doc.16001-SI-RevB du 06/07/2020 (fichier officiel nommé 2021), p.11–16,25,33–39 ; affichages originaux limités aux champs documentés | Revue N3 du 2026-10-06 : docs/reviews/n3/COUVERTURE_N3.md","QCM relu : contexte déterminé, choix de même tâche, vrai unique ; publié"
n3-ordinateur-panne-briefing-001,N3-06-09,"Au briefing d’une plongée avec paliers possibles, quel dispositif de secours permet de conserver un suivi personnel si l’ordinateur principal tombe en panne ?","Un ordinateur resté sur le bateau, réglé à la même paire GF","Le seul ordinateur de l’équipier, même si les profils antérieurs diffèrent","N3-S01 — MFT N3 FFESSM, décembre 2025, p.9,13,15 | Shearwater Peregrine, notice française Doc.16001-SI-RevB du 06/07/2020 (fichier officiel nommé 2021), p.11–16,25,33–39 ; affichages originaux limités aux champs documentés | Revue N3 du 2026-10-06 : docs/reviews/n3/COUVERTURE_N3.md","QCM relu : contexte déterminé, choix de même tâche, vrai unique ; publié"
n3-ordinateur-planificateur-residuel-001,N3-06-06,"Un Peregrine ayant suivi la plongée du matin est consulté après l’intervalle de surface. Son planificateur de décompression, en mode Nitrox 3 gaz avec seul l’air activé, prépare la plongée de l’après-midi. Quelle charge prend-il en compte ?",Une charge nulle dès que l’écran principal affiche la surface,Une majoration MN90 déduite automatiquement du carnet de plongée,"N3-S01 — MFT N3 FFESSM, décembre 2025, p.9,13,15 | Shearwater Peregrine, notice française Doc.16001-SI-RevB du 06/07/2020 (fichier officiel nommé 2021), p.11–16,25,33–39 ; affichages originaux limités aux champs documentés | Shearwater Peregrine, notice française Doc.16001-SI-RevB du 06/07/2020 (fichier officiel nommé 2021), p.33–34 | Revue N3 du 2026-10-06 : docs/reviews/n3/COUVERTURE_N3.md","QCM relu : contexte déterminé, choix de même tâche, vrai unique ; publié"
n3-ordinateur-profondimetre-001,N3-06-08,Un Peregrine est utilisé en mode Profondimètre pendant une plongée. Que manque-t-il dans ce mode pour gérer la désaturation ?,La mesure de profondeur et de durée de l’immersion,La possibilité de mesurer une profondeur supérieure à 40 m,"N3-S01 — MFT N3 FFESSM, décembre 2025, p.9,13,15 | Shearwater Peregrine, notice française Doc.16001-SI-RevB du 06/07/2020 (fichier officiel nommé 2021), p.11–16,25,33–39 ; affichages originaux limités aux champs documentés | Shearwater Peregrine, notice française Doc.16001-SI-RevB du 06/07/2020 (fichier officiel nommé 2021), p.9,38 | Revue N3 du 2026-10-06 : docs/reviews/n3/COUVERTURE_N3.md","QCM relu : contexte déterminé, choix de même tâche, vrai unique ; publié"
n3-ordinateur-tts-arret-001,N3-06-02,Un Peregrine simulé affiche DECO STOP 6 m / 2 min et TTS 9 min. Que représentent les 9 min ?,"Le temps de l’arrêt actuel à 6 m, sans les trajets",Le temps de fond encore disponible avant décompression obligatoire,"N3-S01 — MFT N3 FFESSM, décembre 2025, p.9,13,15 | Shearwater Peregrine, notice française Doc.16001-SI-RevB du 06/07/2020 (fichier officiel nommé 2021), p.11–16,25,33–39 ; affichages originaux limités aux champs documentés | Revue N3 du 2026-10-06 : docs/reviews/n3/COUVERTURE_N3.md","QCM relu : contexte déterminé, choix de même tâche, vrai unique ; publié"
n3-ordinateur-tts-variation-001,N3-06-11,"Sur un Peregrine, TTS vaut 12 min et @+5 vaut 18 min. À hypothèses de remontée inchangées, que prédit @+5 ?","Une arrivée en surface dans 18 min, comprenant déjà les 5 min au fond",Une autonomie gaz de 18 min avant épuisement du bloc,"N3-S01 — MFT N3 FFESSM, décembre 2025, p.9,13,15 | Shearwater Peregrine, notice française Doc.16001-SI-RevB du 06/07/2020 (fichier officiel nommé 2021), p.11–16,25,33–39 ; affichages originaux limités aux champs documentés | Shearwater Peregrine, notice française Doc.16001-SI-RevB du 06/07/2020 (fichier officiel nommé 2021), p.16 | Revue N3 du 2026-10-06 : docs/reviews/n3/COUVERTURE_N3.md","QCM relu : contexte déterminé, choix de même tâche, vrai unique ; publié"
n3-organisation-contact-terre-001,N3-02-07,"Pour une sortie du bord, un proche doit déclencher une alerte si le groupe n’est pas rentré. Quelle information rend le dispositif utilisable ?","La profondeur maximale, les marques des blocs et le niveau moyen du groupe","La durée maximale au fond, les réglages GF et la pression de départ","N3-S01 — MFT N3 FFESSM, décembre 2025, p.8–9,12–14 ; cas originaux aux données locales imposées | Revue N3 du 2026-10-06 : docs/reviews/n3/COUVERTURE_N3.md","QCM relu : contexte déterminé, choix de même tâche, vrai unique ; publié"
n3-organisation-equipements-distincts-001,N3-02-13,"Un bateau de plaisance est conforme pour sa navigation, mais aucun contrôle du matériel de secours propre à la plongée n’a été fait. Quelle conclusion est correcte avant la sortie du club ?",La conformité nautique couvre les secours de plongée jusqu’à 40 m sans DP,Le matériel de plongée n’est obligatoire que si le bateau est à plus de 6 milles d’un abri,"N3-S01 — MFT N3 FFESSM, décembre 2025, p.8–9,12–14 ; cas originaux aux données locales imposées | Code du sport en vigueur, vérifié le 2026-10-06 : A322-78 ; https://www.legifrance.gouv.fr/codes/article_lc/LEGIARTI000025393863 | Revue N3 du 2026-10-06 : docs/reviews/n3/COUVERTURE_N3.md","QCM relu : contexte déterminé, choix de même tâche, vrai unique ; publié"
n3-organisation-exploitant-001,N3-01-13,Un établissement autorise trois titulaires majeurs de brevets justifiant PA60 à plonger sans DP jusqu’à 40 m. Quelle démarche préalable reste exigée auprès de l’exploitant ?,Lui transmettre seulement les paramètres réalisés après la sortie,Lui demander de désigner l’un des trois N3 comme DP de la sortie,"N3-S01 — MFT N3 FFESSM, décembre 2025, p.3–4 ; contrôle des conditions de certification | Code du sport en vigueur, vérifié le 2026-10-06 : A322-73, A322-99, annexe III-16b ; https://www.legifrance.gouv.fr/codes/article_lc/LEGIARTI000025705110 ; https://www.legifrance.gouv.fr/codes/article_lc/LEGIARTI000025705126 | Revue N3 du 2026-10-06 : docs/reviews/n3/COUVERTURE_N3.md","QCM relu : contexte déterminé, choix de même tâche, vrai unique ; publié"
n3-organisation-fenetre-courant-001,N3-02-05,"Une fiche locale donne un courant inférieur à 0,5 nœud de 10 h 20 à 10 h 50. Le plan impose que toute l’immersion dure 25 min et se déroule dans cette fenêtre. Parmi ces horaires de départ, lequel convient ?",10 h 15,10 h 30,"N3-S01 — MFT N3 FFESSM, décembre 2025, p.8–9,12–14 ; cas originaux aux données locales imposées | Revue N3 du 2026-10-06 : docs/reviews/n3/COUVERTURE_N3.md","QCM relu : contexte déterminé, choix de même tâche, vrai unique ; publié"
n3-organisation-recuperation-001,N3-02-01,"Une sortie sans DP est préparée depuis un bateau. Profils, gaz et paliers sont fixés ; le pilote ne sait pas où chercher une palanquée qui remonte loin du mouillage. Quel point du briefing manque précisément ?",La répartition des profondeurs maximales entre les trois plongeurs,Le choix de la vitesse de remontée commune aux ordinateurs,"N3-S01 — MFT N3 FFESSM, décembre 2025, p.8–9,12–14 ; cas originaux aux données locales imposées | Revue N3 du 2026-10-06 : docs/reviews/n3/COUVERTURE_N3.md","QCM relu : contexte déterminé, choix de même tâche, vrai unique ; publié"
n3-organisation-regles-locales-001,N3-12-12,Une carte nautique montre un site adapté au profil ; le secteur appartient aussi à une aire protégée. Quel complément faut-il vérifier avant de choisir le mouillage ?,"Les règles de mouillage des plaisanciers, à l’exclusion de celles de l’aire protégée","Les restrictions d’immersion seules, puisqu’un bateau de plongée est dispensé des règles de mouillage","N3-S01 — MFT N3 FFESSM, décembre 2025, p.8–9,12–14 ; géométrie et scénarios originaux à données explicites | Revue N3 du 2026-10-06 : docs/reviews/n3/COUVERTURE_N3.md","QCM relu : contexte déterminé, choix de même tâche, vrai unique ; publié"
n3-organisation-rotation-001,N3-02-08,"Quatre N3 et un pilote non plongeur disposent d’un bateau. Le plan prévoit deux palanquées de deux, mais le pilote a besoin d’une seconde personne à bord pour récupérer les plongeurs. Quelle rotation assure cette organisation ?",Les deux palanquées plongent ensemble pendant que le pilote attend,Une palanquée plonge pendant que les deux autres N3 s’immergent sous le bateau,"N3-S01 — MFT N3 FFESSM, décembre 2025, p.8–9,12–14 ; cas originaux aux données locales imposées | Revue N3 du 2026-10-06 : docs/reviews/n3/COUVERTURE_N3.md","QCM relu : contexte déterminé, choix de même tâche, vrai unique ; publié"
n3-organisation-sortie-repli-001,N3-02-06,"Dans un exercice de retour du bord, le courant rend l’accès A inaccessible. Le repli B demande 6 min, C 10 min ; même profondeur et mêmes conditions. Le budget disponible après la marge de retour permet encore 8 min de déplacement. Quel repli est compatible avec ce budget ?",C seulement,B et C,"N3-S01 — MFT N3 FFESSM, décembre 2025, p.8–9,12–14 ; cas originaux aux données locales imposées | Revue N3 du 2026-10-06 : docs/reviews/n3/COUVERTURE_N3.md","QCM relu : contexte déterminé, choix de même tâche, vrai unique ; publié"
n3-organisation-surface-limitante-001,N3-02-04,"Le fond du site reste abrité, mais les prévisions montrent que les vagues dépasseront la limite de récupération fixée par le pilote avant le retour des plongeurs. Quel paramètre remet directement en cause le départ ?",La profondeur maximale des plongeurs au fond,La présence d’un palier de sécurité facultatif,"N3-S01 — MFT N3 FFESSM, décembre 2025, p.8–9,12–14 ; cas originaux aux données locales imposées | Revue N3 du 2026-10-06 : docs/reviews/n3/COUVERTURE_N3.md","QCM relu : contexte déterminé, choix de même tâche, vrai unique ; publié"
n3-organisation-vent-houle-001,N3-02-03,"Le vent local tombe, mais un bulletin annonce encore une houle d’ouest. Pourquoi la mise à l’eau exposée à l’ouest peut-elle rester difficile ?",La direction de houle indique le sens du vent local prévu au même instant,La houle restante dépend uniquement du coefficient de marée local,"N3-S01 — MFT N3 FFESSM, décembre 2025, p.8–9,12–14 ; cas originaux aux données locales imposées | Météo-France — Guide marine 2022, mer du vent et houle ; https://meteofrance.fr/sites/meteofrance.fr/files/files/editorial/guide-MARINE-2022.pdf | Revue N3 du 2026-10-06 : docs/reviews/n3/COUVERTURE_N3.md","QCM relu : contexte déterminé, choix de même tâche, vrai unique ; publié"
n3-organisation-vent-site-001,N3-02-02,"Un vent d’ouest est prévu. Le site A a sa mise à l’eau ouverte à l’ouest ; le site B est protégé à l’ouest par un relief continu. Houle, courant, profondeur et accès sont par ailleurs équivalents et favorables. Quel site est le moins exposé à ce vent ?",A,"Les deux, car un vent d’ouest se dirige vers l’ouest","N3-S01 — MFT N3 FFESSM, décembre 2025, p.8–9,12–14 ; cas originaux aux données locales imposées | Météo-France — dangers météorologiques vent : https://vigi.meteofrance.fr/fr/dangers-meteorologiques-vent ; consulté 2026-10-06 | Revue N3 du 2026-10-06 : docs/reviews/n3/COUVERTURE_N3.md","QCM relu : contexte déterminé, choix de même tâche, vrai unique ; publié"
n3-orientation-courant-trajectoire-001,N3-12-02,"Dans un exercice vu du dessus, un plongeur suit un cap 000° avec 20 m de déplacement vers le nord par rapport à l’eau. Le courant le déplace de 10 m vers l’est par rapport au fond. Où se trouve-t-il par rapport au départ ?",20 m au nord et 10 m à l’ouest,10 m au nord et 20 m à l’est,"N3-S01 — MFT N3 FFESSM, décembre 2025, p.8–9,12–14 ; géométrie et scénarios originaux à données explicites | Revue N3 du 2026-10-06 : docs/reviews/n3/COUVERTURE_N3.md","QCM relu : contexte déterminé, choix de même tâche, vrai unique ; publié"
n3-orientation-perte-limite-gaz-001,N3-12-05,"Une palanquée perd ses repères. Le gaz permet encore le retour de repli convenu, mais pas une recherche de 10 min suivie de ce même retour. Quel choix respecte le budget préparé ?",Chercher 10 min puis reprendre exactement le même repli,Répartir les plongeurs sur plusieurs axes pour raccourcir la recherche,"N3-S01 — MFT N3 FFESSM, décembre 2025, p.8–9,12–14 ; géométrie et scénarios originaux à données explicites | Revue N3 du 2026-10-06 : docs/reviews/n3/COUVERTURE_N3.md","QCM relu : contexte déterminé, choix de même tâche, vrai unique ; publié"
n3-orientation-relief-sortie-001,N3-12-04,"Un relevé fourni décrit deux reliefs : A remonte de 20 m jusqu’à la côte ; B culmine à 8 m puis redescend à 20 m de tous côtés. En cherchant la sortie du bord, quel relief peut conduire vers la côte ?",B,"Les deux, puisqu’ils deviennent moins profonds","N3-S01 — MFT N3 FFESSM, décembre 2025, p.8–9,12–14 ; géométrie et scénarios originaux à données explicites | Revue N3 du 2026-10-06 : docs/reviews/n3/COUVERTURE_N3.md","QCM relu : contexte déterminé, choix de même tâche, vrai unique ; publié"
n3-orientation-reperes-compas-001,N3-12-03,Le retour prévu suit une paroi au cap 270°. La visibilité baisse ; un équipier suit une autre paroi au cap 090° en pensant avoir retrouvé la bonne. Quel contrôle met en évidence cette erreur de route ?,Comparer seulement la profondeur actuelle à celle du départ,Comparer seulement l’orientation de la lumière à celle observée à l’aller,"N3-S01 — MFT N3 FFESSM, décembre 2025, p.8–9,12–14 ; géométrie et scénarios originaux à données explicites | Revue N3 du 2026-10-06 : docs/reviews/n3/COUVERTURE_N3.md","QCM relu : contexte déterminé, choix de même tâche, vrai unique ; publié"
n3-orientation-retour-deux-branches-001,N3-12-01,"Sans courant, une palanquée contourne un obstacle : 40 m au cap 090°, puis 30 m au cap 000°. Elle revient exactement par les mêmes deux segments en sens inverse. Quels caps suit-elle, dans l’ordre du retour ?",270° puis 180°,180° puis 090°,"N3-S01 — MFT N3 FFESSM, décembre 2025, p.8–9,12–14 ; géométrie et scénarios originaux à données explicites | Revue N3 du 2026-10-06 : docs/reviews/n3/COUVERTURE_N3.md","QCM relu : contexte déterminé, choix de même tâche, vrai unique ; publié"
n3-orientation-trafic-surface-001,N3-12-06,Le plan de récupération prévoyait une remontée au mouillage ; une dérive impose des paliers en pleine eau près d’un passage de bateaux. Quelle adaptation signale la palanquée au pilote et aux usagers avant l’émersion ?,Attendre l’émersion pour faire le signe OK au bateau,Remonter séparément pour que le pilote repère plus facilement un plongeur,"N3-S01 — MFT N3 FFESSM, décembre 2025, p.8–9,12–14 ; géométrie et scénarios originaux à données explicites | Revue N3 du 2026-10-06 : docs/reviews/n3/COUVERTURE_N3.md","QCM relu : contexte déterminé, choix de même tâche, vrai unique ; publié"
n3-planification-arret-obligatoire-001,N3-03-05,"Un retour prévoit 4 min de trajets, 6 min de décompression obligatoire et 3 min de sécurité facultative. Le budget insuffisant est détecté avant l’immersion. Quelle partie des arrêts ne peut pas être retirée en conservant ce même profil de décompression ?",Les 3 min facultatives,"Les 9 min, car les deux types d’arrêt sont équivalents","N3-S01 — MFT N3 FFESSM, décembre 2025, p.8–9,11–13 ; scénarios originaux à contraintes explicites | Revue N3 du 2026-10-06 : docs/reviews/n3/COUVERTURE_N3.md","QCM relu : contexte déterminé, choix de même tâche, vrai unique ; publié"
n3-planification-communication-palier-001,N3-03-11,"Pendant la remontée, l’ordinateur d’un équipier ajoute un arrêt obligatoire plus profond. Quelle information doit-il faire comprendre aux autres pour adapter ensemble le retour ?",La durée totale de la plongée uniquement,"Le réglage GF uniquement, sans les nouvelles obligations affichées","N3-S01 — MFT N3 FFESSM, décembre 2025, p.8–9,11–13 ; scénarios originaux à contraintes explicites | Revue N3 du 2026-10-06 : docs/reviews/n3/COUVERTURE_N3.md","QCM relu : contexte déterminé, choix de même tâche, vrai unique ; publié"
n3-planification-dtr-collective-001,N3-03-06,"Au briefing, A propose une limite de DTR de 12 min, B de 8 min. Les deux budgets de gaz ont été vérifiés pour leurs profils respectifs et le retour collectif. Quelle limite commune de DTR respecte ces deux contraintes ?","10 min, moyenne des deux limites","12 min, en suivant l’ordinateur de A","N3-S01 — MFT N3 FFESSM, décembre 2025, p.8–9,11–13 ; scénarios originaux à contraintes explicites | Revue N3 du 2026-10-06 : docs/reviews/n3/COUVERTURE_N3.md","QCM relu : contexte déterminé, choix de même tâche, vrai unique ; publié"
n3-planification-limite-effective-001,N3-03-01,Deux N3 majeurs plongent avec DP. Le DP fixe 45 m ; le site choisi se termine à 38 m ; leur budget de gaz a été calculé pour 38 m. Quelle profondeur maximale est cohérente avec cette préparation ?,45 m,60 m,"N3-S01 — MFT N3 FFESSM, décembre 2025, p.8–9,11–13 ; scénarios originaux à contraintes explicites | Revue N3 du 2026-10-06 : docs/reviews/n3/COUVERTURE_N3.md","QCM relu : contexte déterminé, choix de même tâche, vrai unique ; publié"
n3-planification-palier-ajoute-001,N3-03-04,"Un budget fictif laisse 400 L à 1 bar pour poursuivre à 40 m, débit de référence 20 L/min. Un arrêt supplémentaire imposé de 3 min à 6 m doit être ajouté au retour individuel. Combien de temps de fond reste-t-il après ce recalcul ? Modèle : gaz parfait à température constante, 1 bar en surface et +1 bar par 10 m ; seul le gaz respiré est compté.",4 min,1 min,"N3-S01 — MFT N3 FFESSM, décembre 2025, p.8–9,11–13 ; scénarios originaux à contraintes explicites | N3-S01 — MFT N3 FFESSM, décembre 2025, p.8,13,15 ; calculs originaux, modèle de gaz idéal et phases imposées ; corrigés indépendants dans docs/reviews/n3/CALCULS_N3.csv | Revue N3 du 2026-10-06 : docs/reviews/n3/COUVERTURE_N3.md","QCM relu : contexte déterminé, choix de même tâche, vrai unique ; publié"
n3-planification-redescente-001,N3-03-08,"En fin de plongée, après avoir quitté 45 m, un équipier propose de redescendre chercher une ancre à 40 m. Le plan de retour n’a prévu ni ce détour ni une nouvelle exposition profonde. Quelle vérification manque avant toute décision ?",La seule conformité de 40 m aux aptitudes du plongeur le plus expérimenté,La seule diminution de profondeur par rapport au maximum déjà atteint,"N3-S01 — MFT N3 FFESSM, décembre 2025, p.8–9,11–13 ; scénarios originaux à contraintes explicites | Revue N3 du 2026-10-06 : docs/reviews/n3/COUVERTURE_N3.md","QCM relu : contexte déterminé, choix de même tâche, vrai unique ; publié"
n3-planification-reprise-001,N3-03-09,Un N3 revient après plusieurs années sans plonger et propose d’emblée 55 m avec DP. Quel élément du briefing doit influer sur le choix du profil malgré la validité du brevet ?,"Son nombre total de plongées anciennes, qui fixe seul la profondeur du jour","La date de son brevet, qui fixe une profondeur maximale annuelle","N3-S01 — MFT N3 FFESSM, décembre 2025, p.8–9,11–13 ; scénarios originaux à contraintes explicites | Revue N3 du 2026-10-06 : docs/reviews/n3/COUVERTURE_N3.md","QCM relu : contexte déterminé, choix de même tâche, vrai unique ; publié"
n3-planification-seuil-retour-001,N3-03-02,Le plan d’un exercice estime le retour à 70 bar dans le bloc limitant et impose 20 bar à l’arrivée. Une marge de déclenchement de 10 bar est ajoutée avant le retour. À quelle pression doit-on commencer ce retour ?,90 bar,80 bar,"N3-S01 — MFT N3 FFESSM, décembre 2025, p.8–9,11–13 ; scénarios originaux à contraintes explicites | Revue N3 du 2026-10-06 : docs/reviews/n3/COUVERTURE_N3.md","QCM relu : contexte déterminé, choix de même tâche, vrai unique ; publié"
n3-planification-sortie-modifiee-001,N3-03-12,"Un changement de sortie ajoute 2 min à 20 m et un arrêt fourni de 4 min à 3 m. Débit de référence 20 L/min à 1 bar. Quel gaz supplémentaire à 1 bar doit être budgété, hors autres transitions ? Modèle : gaz parfait à température constante, 1 bar en surface et +1 bar par 10 m ; seul le gaz respiré est compté.",120 L,360 L,"N3-S01 — MFT N3 FFESSM, décembre 2025, p.8–9,11–13 ; scénarios originaux à contraintes explicites | N3-S01 — MFT N3 FFESSM, décembre 2025, p.8,13,15 ; calculs originaux, modèle de gaz idéal et phases imposées ; corrigés indépendants dans docs/reviews/n3/CALCULS_N3.csv | Revue N3 du 2026-10-06 : docs/reviews/n3/COUVERTURE_N3.md","QCM relu : contexte déterminé, choix de même tâche, vrai unique ; publié"
n3-planification-trajet-ralenti-001,N3-03-07,"Une remontée linéaire 40 → 20 m devait durer 2 min ; elle dure 4 min. Débit de référence individuel 20 L/min à 1 bar. Quel gaz supplémentaire ramené à 1 bar représente ce ralentissement, sans autres phases ? Modèle : gaz parfait à température constante, 1 bar en surface et +1 bar par 10 m ; seul le gaz respiré est compté.",80 L,200 L,"N3-S01 — MFT N3 FFESSM, décembre 2025, p.8–9,11–13 ; scénarios originaux à contraintes explicites | N3-S01 — MFT N3 FFESSM, décembre 2025, p.8,13,15 ; calculs originaux, modèle de gaz idéal et phases imposées ; corrigés indépendants dans docs/reviews/n3/CALCULS_N3.csv | Revue N3 du 2026-10-06 : docs/reviews/n3/COUVERTURE_N3.md","QCM relu : contexte déterminé, choix de même tâche, vrai unique ; publié"
n3-prerogatives-age-001,N3-01-03,Un plongeur obtient le N3 FFESSM à 17 ans. Que change son dix-huitième anniversaire pour ses prérogatives d’autonomie ?,Il ouvre pour la première fois toute plongée en autonomie,Il ouvre l’autonomie jusqu’à 60 m sans DP,"N3-S01 — MFT N3 FFESSM, décembre 2025, p.3–4 ; contrôle des conditions de certification | Code du sport en vigueur, vérifié le 2026-10-06 : A322-73, A322-99, annexe III-16b ; https://www.legifrance.gouv.fr/codes/article_lc/LEGIARTI000025705110 ; https://www.legifrance.gouv.fr/codes/article_lc/LEGIARTI000025705126 | Revue N3 du 2026-10-06 : docs/reviews/n3/COUVERTURE_N3.md","QCM relu : contexte déterminé, choix de même tâche, vrai unique ; publié"
n3-prerogatives-aptitude-limitante-001,N3-01-10,"Avec DP, à l’air en établissement, un N3 majeur et un PA40 majeur veulent explorer ensemble à 50 m en autonomie. Quelle profondeur maximale autorise leur composition, avant toute consigne plus restrictive du DP ?",50 m,60 m,"N3-S01 — MFT N3 FFESSM, décembre 2025, p.3–4 ; contrôle des conditions de certification | Code du sport en vigueur, vérifié le 2026-10-06 : A322-73, A322-99, annexe III-16b ; https://www.legifrance.gouv.fr/codes/article_lc/LEGIARTI000025705110 ; https://www.legifrance.gouv.fr/codes/article_lc/LEGIARTI000025705126 | Revue N3 du 2026-10-06 : docs/reviews/n3/COUVERTURE_N3.md","QCM relu : contexte déterminé, choix de même tâche, vrai unique ; publié"
n3-prerogatives-dp-001,N3-01-01,"En établissement en France, à l’air, quelles profondeurs maximales d’autonomie correspondent à un N3 majeur, avec puis sans directeur de plongée (DP), toutes les autres conditions remplies ?",60 m avec DP ; 60 m sans DP,40 m avec DP ; 20 m sans DP,"N3-S01 — MFT N3 FFESSM, décembre 2025, p.3–4 ; contrôle des conditions de certification | Code du sport en vigueur, vérifié le 2026-10-06 : A322-73, A322-99, annexe III-16b ; https://www.legifrance.gouv.fr/codes/article_lc/LEGIARTI000025705110 ; https://www.legifrance.gouv.fr/codes/article_lc/LEGIARTI000025705126 | Revue N3 du 2026-10-06 : docs/reviews/n3/COUVERTURE_N3.md","QCM relu : contexte déterminé, choix de même tâche, vrai unique ; publié"
n3-prerogatives-effectif-001,N3-01-09,"En établissement en France, avec DP, à l’air et à 55 m, quelle plage complète d’effectifs et quelles aptitudes sont autorisées pour une palanquée d’exploration autonome ?","Deux ou trois majeurs, dont au moins un PA60 et les autres PA40",Deux à quatre majeurs justifiant tous PA60,"N3-S01 — MFT N3 FFESSM, décembre 2025, p.3–4 ; contrôle des conditions de certification | Code du sport en vigueur, vérifié le 2026-10-06 : A322-73, A322-99, annexe III-16b ; https://www.legifrance.gouv.fr/codes/article_lc/LEGIARTI000025705110 ; https://www.legifrance.gouv.fr/codes/article_lc/LEGIARTI000025705126 | Revue N3 du 2026-10-06 : docs/reviews/n3/COUVERTURE_N3.md","QCM relu : contexte déterminé, choix de même tâche, vrai unique ; publié"
n3-prerogatives-fonctions-001,N3-01-11,"Trois N3 majeurs organisent leur exploration sans DP, dans les conditions autorisées par leur club. Lequel devient automatiquement DP des autres palanquées du club ?",Le plongeur qui a signé la fiche de sécurité,Le plongeur qui possède le plus d’expérience à 40 m,"N3-S01 — MFT N3 FFESSM, décembre 2025, p.3–4 ; contrôle des conditions de certification | Code du sport en vigueur, vérifié le 2026-10-06 : A322-73, A322-99, annexe III-16b ; https://www.legifrance.gouv.fr/codes/article_lc/LEGIARTI000025705110 ; https://www.legifrance.gouv.fr/codes/article_lc/LEGIARTI000025705126 | Revue N3 du 2026-10-06 : docs/reviews/n3/COUVERTURE_N3.md","QCM relu : contexte déterminé, choix de même tâche, vrai unique ; publié"
n3-prerogatives-guide-001,N3-01-08,"En France, la carte FFESSM N3/CMAS 3 étoiles donne-t-elle à elle seule la fonction de guide de palanquée en exploration ?",Oui : elle autorise l’encadrement à 40 m si un DP est présent,Oui : elle autorise l’encadrement à 60 m après dix plongées à cette profondeur,"N3-S01 — MFT N3 FFESSM, décembre 2025, p.3–4 ; contrôle des conditions de certification | Code du sport en vigueur, vérifié le 2026-10-06 : A322-73, A322-99, annexe III-16b ; https://www.legifrance.gouv.fr/codes/article_lc/LEGIARTI000025705110 ; https://www.legifrance.gouv.fr/codes/article_lc/LEGIARTI000025705126 | Revue N3 du 2026-10-06 : docs/reviews/n3/COUVERTURE_N3.md","QCM relu : contexte déterminé, choix de même tâche, vrai unique ; publié"
n3-prerogatives-mineur-001,N3-01-04,"Dans un club FFESSM, un N3 de 17 ans souhaite plonger à l’air en autonomie jusqu’à 40 m avec deux majeurs. Quelle condition spécifique au mineur complète la décision favorable du DP ?",Autorisation éclairée du responsable légal et présence d’un E3 dans la palanquée,Information des équipiers et signature de l’autorisation par le mineur,"N3-S01 — MFT N3 FFESSM, décembre 2025, p.3–4 ; contrôle des conditions de certification | Code du sport en vigueur, vérifié le 2026-10-06 : A322-73, A322-99, annexe III-16b ; https://www.legifrance.gouv.fr/codes/article_lc/LEGIARTI000025705110 ; https://www.legifrance.gouv.fr/codes/article_lc/LEGIARTI000025705126 | Revue N3 du 2026-10-06 : docs/reviews/n3/COUVERTURE_N3.md","QCM relu : contexte déterminé, choix de même tâche, vrai unique ; publié"
n3-prerogatives-qualifications-001,N3-01-05,"Un adulte possède les qualifications PA40 et PE60, sans brevet N3. Avec un DP, que permettent ces deux qualifications à l’air ?",Autonomie jusqu’à 60 m ; plongée encadrée jusqu’à 60 m,Autonomie jusqu’à 40 m ; encadrement d’autres plongeurs jusqu’à 60 m,"N3-S01 — MFT N3 FFESSM, décembre 2025, p.3–4 ; contrôle des conditions de certification | Code du sport en vigueur, vérifié le 2026-10-06 : A322-73, A322-99, annexe III-16b ; https://www.legifrance.gouv.fr/codes/article_lc/LEGIARTI000025705110 ; https://www.legifrance.gouv.fr/codes/article_lc/LEGIARTI000025705126 | Revue N3 du 2026-10-06 : docs/reviews/n3/COUVERTURE_N3.md","QCM relu : contexte déterminé, choix de même tâche, vrai unique ; publié"
n3-responsabilites-civile-penale-001,N3-01-12,Quelle distinction décrit la responsabilité civile et la responsabilité pénale après un incident de plongée ?,La civile concerne les incidents sans blessé ; la pénale tous ceux avec blessé,La civile concerne l’exploitant ; la pénale uniquement le DP,"N3-S01 — MFT N3 FFESSM, décembre 2025, p.12,15 | Code civil art.1240 https://www.legifrance.gouv.fr/codes/article_lc/LEGIARTI000032041571 ; Code pénal art.121-1 https://www.legifrance.gouv.fr/codes/article_lc/LEGIARTI000006417201 ; Ministère de l’Économie, 30/07/2025, différence civile/pénale : https://www.economie.gouv.fr/entreprises/gerer-son-entreprise-au-quotidien/dirigeant-dans-quels-cas-votre-responsabilite-civile ; vérifié 2026-10-06 | Revue N3 du 2026-10-06 : docs/reviews/n3/COUVERTURE_N3.md","QCM relu : contexte déterminé, choix de même tâche, vrai unique ; publié"
n3-risques-contraintes-cumulees-001,N3-08-09,"Au fond, le courant augmente, un équipier commence à frissonner et sa consommation dépasse le budget. Quelle modification du plan répond simultanément à ces trois changements ?",Garder la durée prévue en réduisant uniquement la vitesse de palmage,Attendre la DTR maximale prévue pour que le froid soit pris en compte par l’ordinateur,"N3-S01 — MFT N3 FFESSM, décembre 2025, p.10–11,15 | N3-S04 — RIFAP FFESSM, mai 2026, p.24–29 | DAN — Can You Recognize IPE?, 2022, consulté 2026-10-06 ; https://dan.org/safety-prevention/diver-safety/divers-blog/can-you-recognize-ipe/ | Revue N3 du 2026-10-06 : docs/reviews/n3/COUVERTURE_N3.md","QCM relu : contexte déterminé, choix de même tâche, vrai unique ; publié"
n3-risques-densite-partielle-001,N3-08-01,"À l’air, quel mécanisme relie directement la profondeur à l’augmentation du travail ventilatoire, distinct de la narcose ?",La hausse de pression partielle d’azote agissant seule sur les muscles respiratoires,La baisse de fraction d’oxygène de l’air quand la profondeur augmente,"N3-S01 — MFT N3 FFESSM, décembre 2025, p.10–11,15 | N3-S04 — RIFAP FFESSM, mai 2026, p.24–29 | DAN — Can You Recognize IPE?, 2022, consulté 2026-10-06 ; https://dan.org/safety-prevention/diver-safety/divers-blog/can-you-recognize-ipe/ | Revue N3 du 2026-10-06 : docs/reviews/n3/COUVERTURE_N3.md | DAN — Simon Mitchell, The Physiology of Compressed-Gas Diving, 01/08/2016, Mechanics of Diving ; https://dan.org/alert-diver/article/the-physiology-of-compressed-gas-diving/ ; vérifié 2026-10-06","QCM relu : contexte déterminé, choix de même tâche, vrai unique ; publié"
n3-risques-dyspnee-persistante-001,N3-08-04,"Après l’arrêt de l’effort, un plongeur reste anormalement gêné pour respirer et tousse ; son gaz semble disponible. Quelle conclusion guide l’action ?",L’arrêt de l’effort écarte l’essoufflement et prouve une surpression pulmonaire,Le gaz disponible écarte un accident et permet d’attendre la récupération au fond,"N3-S01 — MFT N3 FFESSM, décembre 2025, p.10–11,15 | N3-S04 — RIFAP FFESSM, mai 2026, p.24–29 | DAN — Can You Recognize IPE?, 2022, consulté 2026-10-06 ; https://dan.org/safety-prevention/diver-safety/divers-blog/can-you-recognize-ipe/ | Revue N3 du 2026-10-06 : docs/reviews/n3/COUVERTURE_N3.md","QCM relu : contexte déterminé, choix de même tâche, vrai unique ; publié"
n3-risques-opi-mecanisme-001,N3-08-05,Quel mécanisme décrit l’œdème pulmonaire d’immersion (OPI) ?,Le gaz respiré dilate les alvéoles et rompt leur paroi à chaque descente,Des bulles d’azote obstruent nécessairement les vaisseaux pulmonaires après les paliers,"N3-S01 — MFT N3 FFESSM, décembre 2025, p.10–11,15 | N3-S04 — RIFAP FFESSM, mai 2026, p.24–29 | DAN — Can You Recognize IPE?, 2022, consulté 2026-10-06 ; https://dan.org/safety-prevention/diver-safety/divers-blog/can-you-recognize-ipe/ | Revue N3 du 2026-10-06 : docs/reviews/n3/COUVERTURE_N3.md","QCM relu : contexte déterminé, choix de même tâche, vrai unique ; publié"
n3-risques-opi-priorites-001,N3-08-07,"À bord, après une sortie sécurisée, un plongeur conscient garde une gêne respiratoire faisant suspecter un OPI. Quelle prise en charge immédiate est adaptée ?","Position allongée imposée, eau à boire et attente de disparition de la toux","Position assise, nouvelle immersion peu profonde et surveillance du manomètre","N3-S01 — MFT N3 FFESSM, décembre 2025, p.10–11,15 | N3-S04 — RIFAP FFESSM, mai 2026, p.24–29 | DAN — Can You Recognize IPE?, 2022, consulté 2026-10-06 ; https://dan.org/safety-prevention/diver-safety/divers-blog/can-you-recognize-ipe/ | Revue N3 du 2026-10-06 : docs/reviews/n3/COUVERTURE_N3.md","QCM relu : contexte déterminé, choix de même tâche, vrai unique ; publié"
n3-risques-opi-signes-001,N3-08-06,"Quel tableau doit notamment faire évoquer un OPI, sans attendre la présence de crachats rosés ?","Douleur d’oreille à la descente, avec vertige après équilibrage",Fourmillements isolés d’une jambe deux heures après la sortie,"N3-S01 — MFT N3 FFESSM, décembre 2025, p.10–11,15 | N3-S04 — RIFAP FFESSM, mai 2026, p.24–29 | DAN — Can You Recognize IPE?, 2022, consulté 2026-10-06 ; https://dan.org/safety-prevention/diver-safety/divers-blog/can-you-recognize-ipe/ | Revue N3 du 2026-10-06 : docs/reviews/n3/COUVERTURE_N3.md","QCM relu : contexte déterminé, choix de même tâche, vrai unique ; publié"
n3-risques-po2-60-001,N3-08-02,"Modèle sec : air à 21 % d’O₂, 1 bar en surface, +1 bar par 10 m. À 60 m, quelle pression partielle d’oxygène obtient-on, sans correction de vapeur d’eau ?","1,26 bar","0,21 bar","N3-S01 — MFT N3 FFESSM, décembre 2025, p.10–11,15 | N3-S04 — RIFAP FFESSM, mai 2026, p.24–29 | DAN — Can You Recognize IPE?, 2022, consulté 2026-10-06 ; https://dan.org/safety-prevention/diver-safety/divers-blog/can-you-recognize-ipe/ | Revue N3 du 2026-10-06 : docs/reviews/n3/COUVERTURE_N3.md","QCM relu : contexte déterminé, choix de même tâche, vrai unique ; publié"
n3-secours-aggravation-001,N3-10-19,"Pendant l’attente des secours, une victime sous oxygène devient moins réactive et respire plus difficilement. Que doit-on faire de cette évolution ?","Attendre leur arrivée, car le premier message décrit déjà un accident de plongée",Modifier seulement le débit pour préserver le stock jusqu’à l’heure annoncée,"N3-S04 — RIFAP FFESSM, mai 2026, p.19–32 ; référentiels d’État juillet 2026 pour les gestes | N3-S04 — RIFAP FFESSM, mai 2026, p.29,32,34–35 | Revue N3 du 2026-10-06 : docs/reviews/n3/COUVERTURE_N3.md","QCM relu : contexte déterminé, choix de même tâche, vrai unique ; publié"
n3-secours-alerte-eaux-interieures-001,N3-10-16,"Après une plongée dans une carrière à l’intérieur des terres, une victime présente des signes d’accident. Quel canal téléphonique convient pour déclencher l’aide médicale en indiquant le contexte de plongée ?","196, réservé au sauvetage maritime",Numéro du port maritime le plus proche,"N3-S04 — RIFAP FFESSM, mai 2026, p.19–32 ; référentiels d’État juillet 2026 pour les gestes | N3-S04 — RIFAP FFESSM, mai 2026, p.31 | Revue N3 du 2026-10-06 : docs/reviews/n3/COUVERTURE_N3.md","QCM relu : contexte déterminé, choix de même tâche, vrai unique ; publié"
n3-secours-bilan-diagnostic-001,N3-10-04,"À la sortie de l’eau, quel recueil guide d’abord les gestes immédiats, avant l’interprétation médicale du profil de plongée ?",Le nombre total de plongées et le modèle d’ordinateur,La profondeur maximale et le type de tables utilisées,"N3-S04 — RIFAP FFESSM, mai 2026, p.19–32 ; référentiels d’État juillet 2026 pour les gestes | DGSCGC — Références techniques nationales PSC, juillet 2026, p.26–27,36–37 | Revue N3 du 2026-10-06 : docs/reviews/n3/COUVERTURE_N3.md","QCM relu : contexte déterminé, choix de même tâche, vrai unique ; publié"
n3-secours-gasp-001,N3-10-06,"Après récupération, une victime ne répond pas. Voies aériennes libérées, elle produit seulement des inspirations lentes, bruyantes et inefficaces. Quelle branche de secours s’applique ?",Perte de connaissance avec respiration normale : simple surveillance sur le côté,Ventilation jugée suffisante : oxygène au masque et attente du bilan médical,"N3-S04 — RIFAP FFESSM, mai 2026, p.19–32 ; référentiels d’État juillet 2026 pour les gestes | DGSCGC — Références techniques nationales PSC, juillet 2026, p.26–27 ; PSE p.135–140 | Revue N3 du 2026-10-06 : docs/reviews/n3/COUVERTURE_N3.md","QCM relu : contexte déterminé, choix de même tâche, vrai unique ; publié"
n3-secours-hemorragie-001,N3-10-08,"Sur le bateau, une plaie de l’avant-bras saigne abondamment sans s’arrêter. Aucun objet n’est dans la plaie et le site est sûr. Quel premier geste local est adapté, avec protection des mains si possible ?",Rincer longuement avant de toucher la zone qui saigne,Poser d’emblée un garrot malgré une compression directe réalisable,"N3-S04 — RIFAP FFESSM, mai 2026, p.19–32 ; référentiels d’État juillet 2026 pour les gestes | DGSCGC — Références techniques nationales PSC, juillet 2026, 02PR01/02FT01, p.15–18 | Revue N3 du 2026-10-06 : docs/reviews/n3/COUVERTURE_N3.md","QCM relu : contexte déterminé, choix de même tâche, vrai unique ; publié"
n3-secours-inconscient-respire-001,N3-10-21,"Une victime ne répond pas, mais respire normalement après libération des voies aériennes. L’événement est identifié comme non traumatique. Quelle branche de secours s’applique ?",Compressions thoraciques immédiates malgré la respiration normale,"Position assise sans maintien, puis interrogatoire sur la plongée","N3-S04 — RIFAP FFESSM, mai 2026, p.19–32 ; référentiels d’État juillet 2026 pour les gestes | DGSCGC — Références techniques nationales PSC, juillet 2026, 02PR04, p.36–37 | Revue N3 du 2026-10-06 : docs/reviews/n3/COUVERTURE_N3.md","QCM relu : contexte déterminé, choix de même tâche, vrai unique ; publié"
n3-secours-inhalation-insufflation-001,N3-10-10,Une victime d’accident de plongée est consciente et respire spontanément de façon efficace. Un sauveteur formé dispose du matériel d’oxygène. Quel dispositif convient pour l’apport d’oxygène initial ?,Insufflateur manuel actionné à chaque inspiration normale,Insufflateur manuel avec réservoir utilisé sans compression comme masque d’inhalation,"N3-S04 — RIFAP FFESSM, mai 2026, p.19–32 ; référentiels d’État juillet 2026 pour les gestes | DGSCGC — Références techniques nationales PSE, juillet 2026, 05FT01 p.113–115 ; 05FT11 p.143 ; 05FT13 p.148 | Revue N3 du 2026-10-06 : docs/reviews/n3/COUVERTURE_N3.md","QCM relu : contexte déterminé, choix de même tâche, vrai unique ; publié"
n3-secours-message-position-001,N3-10-17,"Un appel au CROSS donne les signes, l’oxygène administré et le nom du bateau, mais seulement « près de l’épave ». Quelle information manque pour engager efficacement les moyens ?","La position mémorisée à l’immersion, même après une dérive du bateau","La profondeur et la durée de la plongée, utilisées pour déduire la position","N3-S04 — RIFAP FFESSM, mai 2026, p.19–32 ; référentiels d’État juillet 2026 pour les gestes | N3-S04 — RIFAP FFESSM, mai 2026, p.32 | Revue N3 du 2026-10-06 : docs/reviews/n3/COUVERTURE_N3.md","QCM relu : contexte déterminé, choix de même tâche, vrai unique ; publié"
n3-secours-noyade-eau-001,N3-10-07,"Après une noyade, une victime hors de l’eau ne respire pas normalement. Faut-il chercher à évacuer l’eau par des compressions abdominales avant la réanimation ?",Oui : l’eau doit sortir avant toute insufflation,Oui : cinq compressions abdominales remplacent les premières insufflations,"N3-S04 — RIFAP FFESSM, mai 2026, p.19–32 ; référentiels d’État juillet 2026 pour les gestes | DGSCGC — Références techniques nationales PSE, juillet 2026, 08PR02 Noyade, p.273–274 | Revue N3 du 2026-10-06 : docs/reviews/n3/COUVERTURE_N3.md","QCM relu : contexte déterminé, choix de même tâche, vrai unique ; publié"
n3-secours-oxygene-autonomie-001,N3-10-12,"Exercice nominal : bouteille d’O₂ de 5 L à 200 bar, résiduel imposé de 20 bar, débit constant de 15 L/min. Gaz idéal, volume ramené à 1 bar. Quelle autonomie théorique utilisable reste-t-il ?","66,7 min",12 min,"N3-S04 — RIFAP FFESSM, mai 2026, p.19–32 ; référentiels d’État juillet 2026 pour les gestes | DGSCGC — Références techniques nationales PSE, juillet 2026, p.110–111 ; calcul indépendant | Revue N3 du 2026-10-06 : docs/reviews/n3/COUVERTURE_N3.md","QCM relu : contexte déterminé, choix de même tâche, vrai unique ; publié"
n3-secours-oxygene-corps-gras-001,N3-10-15,"Lors de la préparation d’une bouteille d’oxygène de secours, pourquoi faut-il éviter les corps gras sur les raccords et garder les mains propres ?",L’oxygène est lui-même un gaz combustible qui s’enflamme au contact de graisse,"La graisse réduit seulement l’étanchéité des raccords, sans risque d’incendie","N3-S04 — RIFAP FFESSM, mai 2026, p.19–32 ; référentiels d’État juillet 2026 pour les gestes | DGSCGC — Références techniques nationales PSE, juillet 2026, 05AC01, p.110–112 | Revue N3 du 2026-10-06 : docs/reviews/n3/COUVERTURE_N3.md","QCM relu : contexte déterminé, choix de même tâche, vrai unique ; publié"
n3-secours-oxygene-delai-001,N3-10-13,"Une réserve utilisable d’O₂ représente 900 L à 1 bar. Une victime doit recevoir 15 L/min ; le scénario estime 75 min avant relais, avec 10 min de marge supplémentaires. Quel déficit nominal faut-il anticiper ?",225 L,150 L,"N3-S04 — RIFAP FFESSM, mai 2026, p.19–32 ; référentiels d’État juillet 2026 pour les gestes | N3-S04 — RIFAP FFESSM, mai 2026, p.27–29 ; calcul indépendant | Revue N3 du 2026-10-06 : docs/reviews/n3/COUVERTURE_N3.md","QCM relu : contexte déterminé, choix de même tâche, vrai unique ; publié"
n3-secours-oxygene-deux-victimes-001,N3-10-14,"Exercice nominal : deux victimes reçoivent chacune 15 L/min d’O₂ pendant 40 min. On impose 20 bar finaux dans une bouteille de 5 L. À température constante et gaz idéal, quelle pression initiale couvrirait mathématiquement ce besoin ?",140 bar,240 bar,"N3-S04 — RIFAP FFESSM, mai 2026, p.19–32 ; référentiels d’État juillet 2026 pour les gestes | DGSCGC — Références techniques nationales PSE, juillet 2026, p.110–112 ; calcul indépendant | Revue N3 du 2026-10-06 : docs/reviews/n3/COUVERTURE_N3.md","QCM relu : contexte déterminé, choix de même tâche, vrai unique ; publié"
n3-secours-radio-detresse-001,N3-10-18,Une personne en mer est sous la menace d’un danger grave et imminent et demande une assistance immédiate. Quelle catégorie radio correspond à cette situation ?,Urgence : PAN-PAN ; URGENCY pour l’alerte ASN,Sécurité : SÉCURITÉ ; SAFETY pour l’alerte ASN,"N3-S04 — RIFAP FFESSM, mai 2026, p.19–32 ; référentiels d’État juillet 2026 pour les gestes | ANFR — Manuel CRR maritime, juin 2025 (V16), p.20–23,30–34 ; https://www.anfr.fr/fileadmin/manuel-crr-maritime-25.pdf | Revue N3 du 2026-10-06 : docs/reviews/n3/COUVERTURE_N3.md","QCM relu : contexte déterminé, choix de même tâche, vrai unique ; publié"
n3-secours-repartition-001,N3-10-01,"À bord, une personne prend en charge le bilan et l’oxygène, une autre appelle les secours. Des plongeurs sont encore immergés et aucune personne ne s’occupe d’eux. Quelle tâche doit être attribuée immédiatement à un équipier disponible ?",Recueillir d’abord les paramètres détaillés de la victime déjà prise en charge,"Organiser d’abord le départ du bateau, sans attendre le retour des palanquées","N3-S04 — RIFAP FFESSM, mai 2026, p.19–32 ; référentiels d’État juillet 2026 pour les gestes | Revue N3 du 2026-10-06 : docs/reviews/n3/COUVERTURE_N3.md","QCM relu : contexte déterminé, choix de même tâche, vrai unique ; publié"
n3-secours-rifap-maintien-001,N3-10-20,"Que signifie le conseil fédéral de réactualiser les connaissances RIFAP aussi souvent que nécessaire, avec une période maximale conseillée de trois ans ?",Une expiration de la carte RIFAP exactement trois ans après sa délivrance,Une validité médicale de trois ans qui prolonge automatiquement le CACI,"N3-S04 — RIFAP FFESSM, mai 2026, p.7 | Revue N3 du 2026-10-06 : docs/reviews/n3/COUVERTURE_N3.md","QCM relu : contexte déterminé, choix de même tâche, vrai unique ; publié"
n3-secours-traumatisme-001,N3-10-09,"Un plongeur conscient chute sur le pont et présente une douleur importante de nuque. Il respire normalement, le site est sûr. Quelle conduite initiale limite l’aggravation ?",Lui demander de tester plusieurs rotations de tête pour préciser la douleur,Le relever rapidement en le tenant sous les bras pour l’installer assis,"N3-S04 — RIFAP FFESSM, mai 2026, p.19–32 ; référentiels d’État juillet 2026 pour les gestes | DGSCGC — Références techniques nationales PSC, juillet 2026, 02PR08 Traumatismes, p.47 | Revue N3 du 2026-10-06 : docs/reviews/n3/COUVERTURE_N3.md","QCM relu : contexte déterminé, choix de même tâche, vrai unique ; publié"
